Year,Gebietseinheit,GeoCode,Value
1970,Niedersachsen,K030,3.09
1971,Niedersachsen,K030,3.51
1972,Niedersachsen,K030,3.5
1973,Niedersachsen,K030,4.25
1974,Niedersachsen,K030,4.22
1975,Niedersachsen,K030,3.84
1976,Niedersachsen,K030,3.73
1977,Niedersachsen,K030,3.75
1978,Niedersachsen,K030,3.86
1979,Niedersachsen,K030,4.17
1980,Niedersachsen,K030,4.55
1981,Niedersachsen,K030,4.79
1982,Niedersachsen,K030,4.79
1983,Niedersachsen,K030,4.71
1984,Niedersachsen,K030,4.44
1985,Niedersachsen,K030,4.51
1986,Niedersachsen,K030,4.75
1987,Niedersachsen,K030,4.5
1988,Niedersachsen,K030,4.98
1989,Niedersachsen,K030,5.45
1990,Niedersachsen,K030,5.62
1991,Niedersachsen,K030,5.9
1992,Niedersachsen,K030,6.49
1993,Niedersachsen,K030,6.71
1994,Niedersachsen,K030,6.96
1995,Niedersachsen,K030,7.75
1996,Niedersachsen,K030,7.96
1997,Niedersachsen,K030,8.02
1998,Niedersachsen,K030,7.35
1999,Niedersachsen,K030,7.5
2000,Niedersachsen,K030,7.46
2001,Niedersachsen,K030,7.49
2002,Niedersachsen,K030,7.55
2003,Niedersachsen,K030,7.56
2004,Niedersachsen,K030,7.49
2005,Niedersachsen,K030,7.43
2006,Niedersachsen,K030,7.36
2007,Niedersachsen,K030,7.26
2008,Niedersachsen,K030,7.16
2009,Niedersachsen,K030,7.15
2010,Niedersachsen,K030,7.18
2011,Niedersachsen,K030,5.52
2012,Niedersachsen,K030,5.72
2013,Niedersachsen,K030,6.08
2014,Niedersachsen,K030,6.58
2015,Niedersachsen,K030,7.85
2016,Niedersachsen,K030,8.3
2017,Niedersachsen,K030,8.76
2018,Niedersachsen,K030,9.21
1970,Braunschweig,K031,0.0
1971,Braunschweig,K031,2.94
1972,Braunschweig,K031,3.57
1973,Braunschweig,K031,3.7
1974,Braunschweig,K031,4.25
1975,Braunschweig,K031,4.52
1976,Braunschweig,K031,4.19
1977,Braunschweig,K031,3.99
1978,Braunschweig,K031,3.94
1979,Braunschweig,K031,4.06
1980,Braunschweig,K031,4.44
1981,Braunschweig,K031,5.05
1982,Braunschweig,K031,5.37
1983,Braunschweig,K031,5.36
1984,Braunschweig,K031,5.33
1985,Braunschweig,K031,4.91
1986,Braunschweig,K031,4.58
1987,Braunschweig,K031,4.68
1988,Braunschweig,K031,5.33
1989,Braunschweig,K031,5.96
1990,Braunschweig,K031,6.33
1991,Braunschweig,K031,6.42
1992,Braunschweig,K031,6.67
1993,Braunschweig,K031,6.89
1994,Braunschweig,K031,7.23
1995,Braunschweig,K031,7.76
1996,Braunschweig,K031,8.35
1997,Braunschweig,K031,8.98
1998,Braunschweig,K031,9.32
1999,Braunschweig,K031,8.73
2000,Braunschweig,K031,9.09
2001,Braunschweig,K031,9.35
2002,Braunschweig,K031,9.64
2003,Braunschweig,K031,9.79
2004,Braunschweig,K031,9.99
2005,Braunschweig,K031,1.0
2006,Braunschweig,K031,1.0
2007,Braunschweig,K031,1.0
2008,Braunschweig,K031,9.88
2009,Braunschweig,K031,9.49
2010,Braunschweig,K031,9.44
2011,Braunschweig,K031,9.5
2012,Braunschweig,K031,7.37
2013,Braunschweig,K031,7.62
2014,Braunschweig,K031,7.93
2015,Braunschweig,K031,8.48
2016,Braunschweig,K031,9.7
2017,Braunschweig,K031,9.2
2018,Braunschweig,K031,9.68
1970,Braunschweig.Stadt,K03101,1.02
1971,Braunschweig.Stadt,K03101,0.0
1972,Braunschweig.Stadt,K03101,4.93
1973,Braunschweig.Stadt,K03101,5.68
1974,Braunschweig.Stadt,K03101,5.7
1975,Braunschweig.Stadt,K03101,7.84
1976,Braunschweig.Stadt,K03101,8.44
1977,Braunschweig.Stadt,K03101,7.32
1978,Braunschweig.Stadt,K03101,7.06
1979,Braunschweig.Stadt,K03101,6.94
1980,Braunschweig.Stadt,K03101,7.23
1981,Braunschweig.Stadt,K03101,7.99
1982,Braunschweig.Stadt,K03101,8.97
1983,Braunschweig.Stadt,K03101,9.6
1984,Braunschweig.Stadt,K03101,9.58
1985,Braunschweig.Stadt,K03101,9.26
1986,Braunschweig.Stadt,K03101,7.49
1987,Braunschweig.Stadt,K03101,7.48
1988,Braunschweig.Stadt,K03101,7.59
1989,Braunschweig.Stadt,K03101,7.39
1990,Braunschweig.Stadt,K03101,8.11
1991,Braunschweig.Stadt,K03101,8.7
1992,Braunschweig.Stadt,K03101,9.28
1993,Braunschweig.Stadt,K03101,9.94
1994,Braunschweig.Stadt,K03101,1.1
1995,Braunschweig.Stadt,K03101,1.12
1996,Braunschweig.Stadt,K03101,1.15
1997,Braunschweig.Stadt,K03101,1.19
1998,Braunschweig.Stadt,K03101,1.22
1999,Braunschweig.Stadt,K03101,1.24
2000,Braunschweig.Stadt,K03101,1.09
2001,Braunschweig.Stadt,K03101,1.08
2002,Braunschweig.Stadt,K03101,1.08
2003,Braunschweig.Stadt,K03101,1.07
2004,Braunschweig.Stadt,K03101,1.06
2005,Braunschweig.Stadt,K03101,1.05
2006,Braunschweig.Stadt,K03101,1.03
2007,Braunschweig.Stadt,K03101,1.03
2008,Braunschweig.Stadt,K03101,1.02
2009,Braunschweig.Stadt,K03101,1.01
2010,Braunschweig.Stadt,K03101,1.02
2011,Braunschweig.Stadt,K03101,1.01
2012,Braunschweig.Stadt,K03101,1.01
2013,Braunschweig.Stadt,K03101,8.92
2014,Braunschweig.Stadt,K03101,9.11
2015,Braunschweig.Stadt,K03101,9.6
2016,Braunschweig.Stadt,K03101,1.06
2017,Braunschweig.Stadt,K03101,1.27
2018,Braunschweig.Stadt,K03101,1.54
1970,Salzgitter.Stadt,K03102,1.69
1971,Salzgitter.Stadt,K03102,1.79
1972,Salzgitter.Stadt,K03102,0.0
1973,Salzgitter.Stadt,K03102,8.73
1974,Salzgitter.Stadt,K03102,8.57
1975,Salzgitter.Stadt,K03102,6.7
1976,Salzgitter.Stadt,K03102,9.74
1977,Salzgitter.Stadt,K03102,8.0
1978,Salzgitter.Stadt,K03102,6.33
1979,Salzgitter.Stadt,K03102,6.49
1980,Salzgitter.Stadt,K03102,7.07
1981,Salzgitter.Stadt,K03102,7.4
1982,Salzgitter.Stadt,K03102,8.08
1983,Salzgitter.Stadt,K03102,8.55
1984,Salzgitter.Stadt,K03102,8.89
1985,Salzgitter.Stadt,K03102,8.85
1986,Salzgitter.Stadt,K03102,8.54
1987,Salzgitter.Stadt,K03102,8.41
1988,Salzgitter.Stadt,K03102,8.62
1989,Salzgitter.Stadt,K03102,9.3
1990,Salzgitter.Stadt,K03102,9.33
1991,Salzgitter.Stadt,K03102,9.86
1992,Salzgitter.Stadt,K03102,1.0
1993,Salzgitter.Stadt,K03102,1.03
1994,Salzgitter.Stadt,K03102,1.07
1995,Salzgitter.Stadt,K03102,1.12
1996,Salzgitter.Stadt,K03102,1.07
1997,Salzgitter.Stadt,K03102,1.07
1998,Salzgitter.Stadt,K03102,1.11
1999,Salzgitter.Stadt,K03102,1.14
2000,Salzgitter.Stadt,K03102,1.14
2001,Salzgitter.Stadt,K03102,1.09
2002,Salzgitter.Stadt,K03102,1.13
2003,Salzgitter.Stadt,K03102,1.14
2004,Salzgitter.Stadt,K03102,1.17
2005,Salzgitter.Stadt,K03102,1.2
2006,Salzgitter.Stadt,K03102,1.21
2007,Salzgitter.Stadt,K03102,1.19
2008,Salzgitter.Stadt,K03102,1.18
2009,Salzgitter.Stadt,K03102,1.19
2010,Salzgitter.Stadt,K03102,1.18
2011,Salzgitter.Stadt,K03102,1.18
2012,Salzgitter.Stadt,K03102,1.17
2013,Salzgitter.Stadt,K03102,1.17
2014,Salzgitter.Stadt,K03102,9.62
2015,Salzgitter.Stadt,K03102,1.0
2016,Salzgitter.Stadt,K03102,1.08
2017,Salzgitter.Stadt,K03102,1.17
2018,Salzgitter.Stadt,K03102,1.31
1970,Wolfsburg.Stadt,K03103,1.38
1971,Wolfsburg.Stadt,K03103,1.43
1972,Wolfsburg.Stadt,K03103,1.5
1973,Wolfsburg.Stadt,K03103,0.0
1974,Wolfsburg.Stadt,K03103,2.61
1975,Wolfsburg.Stadt,K03103,3.17
1976,Wolfsburg.Stadt,K03103,2.83
1977,Wolfsburg.Stadt,K03103,3.09
1978,Wolfsburg.Stadt,K03103,2.93
1979,Wolfsburg.Stadt,K03103,2.54
1980,Wolfsburg.Stadt,K03103,2.61
1981,Wolfsburg.Stadt,K03103,2.71
1982,Wolfsburg.Stadt,K03103,2.84
1983,Wolfsburg.Stadt,K03103,3.04
1984,Wolfsburg.Stadt,K03103,3.14
1985,Wolfsburg.Stadt,K03103,3.32
1986,Wolfsburg.Stadt,K03103,3.32
1987,Wolfsburg.Stadt,K03103,3.13
1988,Wolfsburg.Stadt,K03103,3.06
1989,Wolfsburg.Stadt,K03103,3.08
1990,Wolfsburg.Stadt,K03103,3.33
1991,Wolfsburg.Stadt,K03103,2.99
1992,Wolfsburg.Stadt,K03103,3.23
1993,Wolfsburg.Stadt,K03103,3.52
1994,Wolfsburg.Stadt,K03103,4.02
1995,Wolfsburg.Stadt,K03103,4.36
1996,Wolfsburg.Stadt,K03103,5.18
1997,Wolfsburg.Stadt,K03103,5.17
1998,Wolfsburg.Stadt,K03103,5.55
1999,Wolfsburg.Stadt,K03103,5.82
2000,Wolfsburg.Stadt,K03103,5.88
2001,Wolfsburg.Stadt,K03103,5.89
2002,Wolfsburg.Stadt,K03103,5.66
2003,Wolfsburg.Stadt,K03103,5.69
2004,Wolfsburg.Stadt,K03103,5.6
2005,Wolfsburg.Stadt,K03103,5.61
2006,Wolfsburg.Stadt,K03103,5.6
2007,Wolfsburg.Stadt,K03103,5.48
2008,Wolfsburg.Stadt,K03103,5.39
2009,Wolfsburg.Stadt,K03103,5.27
2010,Wolfsburg.Stadt,K03103,5.16
2011,Wolfsburg.Stadt,K03103,5.06
2012,Wolfsburg.Stadt,K03103,4.94
2013,Wolfsburg.Stadt,K03103,4.93
2014,Wolfsburg.Stadt,K03103,4.94
2015,Wolfsburg.Stadt,K03103,3.89
2016,Wolfsburg.Stadt,K03103,4.07
2017,Wolfsburg.Stadt,K03103,4.41
2018,Wolfsburg.Stadt,K03103,4.8
1970,Gifhorn,K03151,5.63
1971,Gifhorn,K03151,5.95
1972,Gifhorn,K03151,6.21
1973,Gifhorn,K03151,6.53
1974,Gifhorn,K03151,0.0
1975,Gifhorn,K03151,2.87
1976,Gifhorn,K03151,3.35
1977,Gifhorn,K03151,3.56
1978,Gifhorn,K03151,4.0
1979,Gifhorn,K03151,4.04
1980,Gifhorn,K03151,3.9
1981,Gifhorn,K03151,3.81
1982,Gifhorn,K03151,3.78
1983,Gifhorn,K03151,3.82
1984,Gifhorn,K03151,3.98
1985,Gifhorn,K03151,4.21
1986,Gifhorn,K03151,4.38
1987,Gifhorn,K03151,4.36
1988,Gifhorn,K03151,4.31
1989,Gifhorn,K03151,4.19
1990,Gifhorn,K03151,4.28
1991,Gifhorn,K03151,4.46
1992,Gifhorn,K03151,3.93
1993,Gifhorn,K03151,4.23
1994,Gifhorn,K03151,4.79
1995,Gifhorn,K03151,5.22
1996,Gifhorn,K03151,5.53
1997,Gifhorn,K03151,5.96
1998,Gifhorn,K03151,6.01
1999,Gifhorn,K03151,6.32
2000,Gifhorn,K03151,6.62
2001,Gifhorn,K03151,6.68
2002,Gifhorn,K03151,6.57
2003,Gifhorn,K03151,5.82
2004,Gifhorn,K03151,5.91
2005,Gifhorn,K03151,5.81
2006,Gifhorn,K03151,5.86
2007,Gifhorn,K03151,5.85
2008,Gifhorn,K03151,5.93
2009,Gifhorn,K03151,5.95
2010,Gifhorn,K03151,5.91
2011,Gifhorn,K03151,5.7
2012,Gifhorn,K03151,5.6
2013,Gifhorn,K03151,5.49
2014,Gifhorn,K03151,5.49
2015,Gifhorn,K03151,5.55
2016,Gifhorn,K03151,4.84
2017,Gifhorn,K03151,5.12
2018,Gifhorn,K03151,5.52
1970,Goslar,K03153,5.96
1971,Goslar,K03153,7.41
1972,Goslar,K03153,8.16
1973,Goslar,K03153,8.9
1974,Goslar,K03153,9.51
1975,Goslar,K03153,0.0
1976,Goslar,K03153,1.76
1977,Goslar,K03153,2.17
1978,Goslar,K03153,2.27
1979,Goslar,K03153,2.4
1980,Goslar,K03153,2.43
1981,Goslar,K03153,2.22
1982,Goslar,K03153,2.13
1983,Goslar,K03153,2.17
1984,Goslar,K03153,2.27
1985,Goslar,K03153,2.5
1986,Goslar,K03153,2.75
1987,Goslar,K03153,2.93
1988,Goslar,K03153,3.17
1989,Goslar,K03153,3.07
1990,Goslar,K03153,2.91
1991,Goslar,K03153,2.85
1992,Goslar,K03153,3.07
1993,Goslar,K03153,2.98
1994,Goslar,K03153,3.45
1995,Goslar,K03153,3.6
1996,Goslar,K03153,3.96
1997,Goslar,K03153,4.42
1998,Goslar,K03153,5.06
1999,Goslar,K03153,4.93
2000,Goslar,K03153,5.12
2001,Goslar,K03153,5.52
2002,Goslar,K03153,5.59
2003,Goslar,K03153,5.59
2004,Goslar,K03153,5.4
2005,Goslar,K03153,5.57
2006,Goslar,K03153,5.6
2007,Goslar,K03153,5.68
2008,Goslar,K03153,5.73
2009,Goslar,K03153,5.75
2010,Goslar,K03153,5.75
2011,Goslar,K03153,5.74
2012,Goslar,K03153,5.74
2013,Goslar,K03153,5.64
2014,Goslar,K03153,5.54
2015,Goslar,K03153,5.53
2016,Goslar,K03153,5.6
2017,Goslar,K03153,3.4
2018,Goslar,K03153,3.59
1970,Helmstedt,K03154,3.86
1971,Helmstedt,K03154,4.39
1972,Helmstedt,K03154,5.32
1973,Helmstedt,K03154,6.39
1974,Helmstedt,K03154,6.62
1975,Helmstedt,K03154,6.68
1976,Helmstedt,K03154,0.0
1977,Helmstedt,K03154,1.67
1978,Helmstedt,K03154,1.87
1979,Helmstedt,K03154,2.1
1980,Helmstedt,K03154,2.45
1981,Helmstedt,K03154,2.4
1982,Helmstedt,K03154,2.26
1983,Helmstedt,K03154,2.21
1984,Helmstedt,K03154,2.2
1985,Helmstedt,K03154,2.19
1986,Helmstedt,K03154,2.31
1987,Helmstedt,K03154,2.46
1988,Helmstedt,K03154,2.6
1989,Helmstedt,K03154,2.47
1990,Helmstedt,K03154,2.37
1991,Helmstedt,K03154,2.25
1992,Helmstedt,K03154,2.44
1993,Helmstedt,K03154,2.64
1994,Helmstedt,K03154,2.23
1995,Helmstedt,K03154,2.76
1996,Helmstedt,K03154,3.59
1997,Helmstedt,K03154,4.19
1998,Helmstedt,K03154,4.68
1999,Helmstedt,K03154,5.54
2000,Helmstedt,K03154,6.32
2001,Helmstedt,K03154,6.72
2002,Helmstedt,K03154,7.25
2003,Helmstedt,K03154,7.37
2004,Helmstedt,K03154,7.5
2005,Helmstedt,K03154,7.03
2006,Helmstedt,K03154,7.19
2007,Helmstedt,K03154,7.1
2008,Helmstedt,K03154,6.99
2009,Helmstedt,K03154,7.05
2010,Helmstedt,K03154,7.05
2011,Helmstedt,K03154,7.02
2012,Helmstedt,K03154,7.03
2013,Helmstedt,K03154,6.98
2014,Helmstedt,K03154,6.94
2015,Helmstedt,K03154,6.92
2016,Helmstedt,K03154,6.94
2017,Helmstedt,K03154,7.01
2018,Helmstedt,K03154,3.44
1970,Northeim,K03155,3.54
1971,Northeim,K03155,3.8
1972,Northeim,K03155,4.14
1973,Northeim,K03155,5.51
1974,Northeim,K03155,5.58
1975,Northeim,K03155,5.87
1976,Northeim,K03155,6.27
1977,Northeim,K03155,0.0
1978,Northeim,K03155,2.28
1979,Northeim,K03155,2.6
1980,Northeim,K03155,3.04
1981,Northeim,K03155,3.5
1982,Northeim,K03155,3.68
1983,Northeim,K03155,3.49
1984,Northeim,K03155,3.34
1985,Northeim,K03155,3.28
1986,Northeim,K03155,3.34
1987,Northeim,K03155,3.6
1988,Northeim,K03155,4.02
1989,Northeim,K03155,4.19
1990,Northeim,K03155,4.18
1991,Northeim,K03155,4.07
1992,Northeim,K03155,3.2
1993,Northeim,K03155,3.29
1994,Northeim,K03155,3.48
1995,Northeim,K03155,3.26
1996,Northeim,K03155,3.68
1997,Northeim,K03155,4.15
1998,Northeim,K03155,4.69
1999,Northeim,K03155,5.32
2000,Northeim,K03155,6.35
2001,Northeim,K03155,6.64
2002,Northeim,K03155,6.84
2003,Northeim,K03155,7.21
2004,Northeim,K03155,7.36
2005,Northeim,K03155,7.44
2006,Northeim,K03155,7.06
2007,Northeim,K03155,7.05
2008,Northeim,K03155,6.94
2009,Northeim,K03155,6.84
2010,Northeim,K03155,6.89
2011,Northeim,K03155,6.83
2012,Northeim,K03155,6.67
2013,Northeim,K03155,6.5
2014,Northeim,K03155,6.4
2015,Northeim,K03155,6.29
2016,Northeim,K03155,6.22
2017,Northeim,K03155,6.19
2018,Northeim,K03155,6.2
1970,Peine,K03157,4.43
1971,Peine,K03157,4.54
1972,Peine,K03157,4.84
1973,Peine,K03157,5.19
1974,Peine,K03157,6.44
1975,Peine,K03157,6.89
1976,Peine,K03157,7.2
1977,Peine,K03157,7.63
1978,Peine,K03157,0.0
1979,Peine,K03157,1.74
1980,Peine,K03157,2.28
1981,Peine,K03157,2.22
1982,Peine,K03157,2.57
1983,Peine,K03157,2.8
1984,Peine,K03157,2.49
1985,Peine,K03157,2.43
1986,Peine,K03157,2.45
1987,Peine,K03157,2.49
1988,Peine,K03157,2.77
1989,Peine,K03157,3.04
1990,Peine,K03157,3.07
1991,Peine,K03157,3.03
1992,Peine,K03157,3.02
1993,Peine,K03157,2.76
1994,Peine,K03157,2.78
1995,Peine,K03157,2.92
1996,Peine,K03157,2.58
1997,Peine,K03157,3.02
1998,Peine,K03157,3.63
1999,Peine,K03157,4.12
2000,Peine,K03157,4.61
2001,Peine,K03157,5.44
2002,Peine,K03157,5.69
2003,Peine,K03157,5.77
2004,Peine,K03157,5.9
2005,Peine,K03157,5.93
2006,Peine,K03157,5.77
2007,Peine,K03157,5.42
2008,Peine,K03157,5.51
2009,Peine,K03157,5.44
2010,Peine,K03157,5.44
2011,Peine,K03157,5.49
2012,Peine,K03157,5.64
2013,Peine,K03157,5.71
2014,Peine,K03157,5.61
2015,Peine,K03157,5.5
2016,Peine,K03157,5.46
2017,Peine,K03157,5.41
2018,Peine,K03157,5.36
1970,Wolfenbüttel,K03158,5.39
1971,Wolfenbüttel,K03158,3.36
1972,Wolfenbüttel,K03158,3.49
1973,Wolfenbüttel,K03158,3.76
1974,Wolfenbüttel,K03158,4.12
1975,Wolfenbüttel,K03158,5.26
1976,Wolfenbüttel,K03158,5.73
1977,Wolfenbüttel,K03158,5.88
1978,Wolfenbüttel,K03158,5.98
1979,Wolfenbüttel,K03158,0.0
1980,Wolfenbüttel,K03158,2.53
1981,Wolfenbüttel,K03158,2.9
1982,Wolfenbüttel,K03158,3.21
1983,Wolfenbüttel,K03158,3.63
1984,Wolfenbüttel,K03158,3.71
1985,Wolfenbüttel,K03158,3.65
1986,Wolfenbüttel,K03158,3.47
1987,Wolfenbüttel,K03158,3.41
1988,Wolfenbüttel,K03158,3.54
1989,Wolfenbüttel,K03158,3.74
1990,Wolfenbüttel,K03158,4.07
1991,Wolfenbüttel,K03158,4.3
1992,Wolfenbüttel,K03158,4.39
1993,Wolfenbüttel,K03158,4.47
1994,Wolfenbüttel,K03158,4.73
1995,Wolfenbüttel,K03158,5.07
1996,Wolfenbüttel,K03158,5.36
1997,Wolfenbüttel,K03158,4.48
1998,Wolfenbüttel,K03158,4.95
1999,Wolfenbüttel,K03158,5.53
2000,Wolfenbüttel,K03158,4.84
2001,Wolfenbüttel,K03158,4.63
2002,Wolfenbüttel,K03158,4.98
2003,Wolfenbüttel,K03158,5.42
2004,Wolfenbüttel,K03158,5.53
2005,Wolfenbüttel,K03158,7.81
2006,Wolfenbüttel,K03158,8.02
2007,Wolfenbüttel,K03158,8.03
2008,Wolfenbüttel,K03158,6.94
2009,Wolfenbüttel,K03158,7.09
2010,Wolfenbüttel,K03158,6.93
2011,Wolfenbüttel,K03158,6.86
2012,Wolfenbüttel,K03158,6.91
2013,Wolfenbüttel,K03158,6.78
2014,Wolfenbüttel,K03158,6.63
2015,Wolfenbüttel,K03158,6.56
2016,Wolfenbüttel,K03158,6.47
2017,Wolfenbüttel,K03158,6.35
2018,Wolfenbüttel,K03158,6.3
1970,Göttingen,K03159,6.33
1971,Göttingen,K03159,6.32
1972,Göttingen,K03159,5.41
1973,Göttingen,K03159,5.56
1974,Göttingen,K03159,5.86
1975,Göttingen,K03159,6.23
1976,Göttingen,K03159,7.51
1977,Göttingen,K03159,7.73
1978,Göttingen,K03159,8.11
1979,Göttingen,K03159,8.47
1980,Göttingen,K03159,0.0
1981,Göttingen,K03159,3.34
1982,Göttingen,K03159,3.89
1983,Göttingen,K03159,4.29
1984,Göttingen,K03159,4.86
1985,Göttingen,K03159,4.87
1986,Göttingen,K03159,4.59
1987,Göttingen,K03159,4.45
1988,Göttingen,K03159,4.47
1989,Göttingen,K03159,4.65
1990,Göttingen,K03159,4.96
1991,Göttingen,K03159,5.41
1992,Göttingen,K03159,5.61
1993,Göttingen,K03159,5.59
1994,Göttingen,K03159,5.54
1995,Göttingen,K03159,5.29
1996,Göttingen,K03159,5.4
1997,Göttingen,K03159,5.6
1998,Göttingen,K03159,5.21
1999,Göttingen,K03159,5.61
2000,Göttingen,K03159,6.01
2001,Göttingen,K03159,6.46
2002,Göttingen,K03159,7.01
2003,Göttingen,K03159,7.92
2004,Göttingen,K03159,8.28
2005,Göttingen,K03159,8.53
2006,Göttingen,K03159,8.89
2007,Göttingen,K03159,9.26
2008,Göttingen,K03159,9.45
2009,Göttingen,K03159,8.52
2010,Göttingen,K03159,8.6
2011,Göttingen,K03159,8.57
2012,Göttingen,K03159,8.59
2013,Göttingen,K03159,8.64
2014,Göttingen,K03159,8.56
2015,Göttingen,K03159,8.48
2016,Göttingen,K03159,8.41
2017,Göttingen,K03159,8.32
2018,Göttingen,K03159,8.27
1970,Hannover,K032,8.15
1971,Hannover,K032,8.11
1972,Hannover,K032,8.19
1973,Hannover,K032,7.14
1974,Hannover,K032,7.38
1975,Hannover,K032,7.74
1976,Hannover,K032,8.28
1977,Hannover,K032,9.54
1978,Hannover,K032,1.02
1979,Hannover,K032,1.07
1980,Hannover,K032,1.13
1981,Hannover,K032,0.0
1982,Hannover,K032,4.53
1983,Hannover,K032,5.25
1984,Hannover,K032,5.74
1985,Hannover,K032,6.38
1986,Hannover,K032,6.39
1987,Hannover,K032,6.01
1988,Hannover,K032,5.82
1989,Hannover,K032,5.84
1990,Hannover,K032,6.06
1991,Hannover,K032,6.51
1992,Hannover,K032,7.08
1993,Hannover,K032,7.32
1994,Hannover,K032,7.3
1995,Hannover,K032,7.29
1996,Hannover,K032,7.05
1997,Hannover,K032,7.15
1998,Hannover,K032,7.32
1999,Hannover,K032,6.91
2000,Hannover,K032,7.35
2001,Hannover,K032,7.75
2002,Hannover,K032,8.12
2003,Hannover,K032,8.69
2004,Hannover,K032,9.76
2005,Hannover,K032,1.01
2006,Hannover,K032,1.05
2007,Hannover,K032,1.09
2008,Hannover,K032,1.14
2009,Hannover,K032,1.18
2010,Hannover,K032,1.05
2011,Hannover,K032,1.06
2012,Hannover,K032,1.06
2013,Hannover,K032,1.07
2014,Hannover,K032,1.08
2015,Hannover,K032,1.07
2016,Hannover,K032,1.06
2017,Hannover,K032,1.05
2018,Hannover,K032,1.04
1970,Hannover.Region,K03241,1.03
1971,Hannover.Region,K03241,1.02
1972,Hannover.Region,K03241,1.01
1973,Hannover.Region,K03241,1.01
1974,Hannover.Region,K03241,9.31
1975,Hannover.Region,K03241,9.64
1976,Hannover.Region,K03241,1.0
1977,Hannover.Region,K03241,1.06
1978,Hannover.Region,K03241,1.19
1979,Hannover.Region,K03241,1.25
1980,Hannover.Region,K03241,1.31
1981,Hannover.Region,K03241,1.37
1982,Hannover.Region,K03241,0.0
1983,Hannover.Region,K03241,5.33
1984,Hannover.Region,K03241,6.2
1985,Hannover.Region,K03241,6.98
1986,Hannover.Region,K03241,7.97
1987,Hannover.Region,K03241,8.28
1988,Hannover.Region,K03241,7.97
1989,Hannover.Region,K03241,7.88
1990,Hannover.Region,K03241,7.97
1991,Hannover.Region,K03241,8.35
1992,Hannover.Region,K03241,8.98
1993,Hannover.Region,K03241,9.82
1994,Hannover.Region,K03241,1.01
1995,Hannover.Region,K03241,1.01
1996,Hannover.Region,K03241,1.02
1997,Hannover.Region,K03241,1.0
1998,Hannover.Region,K03241,1.01
1999,Hannover.Region,K03241,1.03
2000,Hannover.Region,K03241,9.88
2001,Hannover.Region,K03241,1.03
2002,Hannover.Region,K03241,1.07
2003,Hannover.Region,K03241,1.1
2004,Hannover.Region,K03241,1.17
2005,Hannover.Region,K03241,1.29
2006,Hannover.Region,K03241,1.37
2007,Hannover.Region,K03241,1.41
2008,Hannover.Region,K03241,1.47
2009,Hannover.Region,K03241,1.56
2010,Hannover.Region,K03241,1.62
2011,Hannover.Region,K03241,1.49
2012,Hannover.Region,K03241,1.5
2013,Hannover.Region,K03241,1.52
2014,Hannover.Region,K03241,1.54
2015,Hannover.Region,K03241,1.56
2016,Hannover.Region,K03241,1.54
2017,Hannover.Region,K03241,1.51
2018,Hannover.Region,K03241,1.5
1970,Hannover.Landeshauptstadt,K03241001,1.49
1971,Hannover.Landeshauptstadt,K03241001,1.47
1972,Hannover.Landeshauptstadt,K03241001,1.45
1973,Hannover.Landeshauptstadt,K03241001,1.43
1974,Hannover.Landeshauptstadt,K03241001,1.43
1975,Hannover.Landeshauptstadt,K03241001,1.32
1976,Hannover.Landeshauptstadt,K03241001,1.36
1977,Hannover.Landeshauptstadt,K03241001,1.4
1978,Hannover.Landeshauptstadt,K03241001,1.45
1979,Hannover.Landeshauptstadt,K03241001,1.58
1980,Hannover.Landeshauptstadt,K03241001,1.62
1981,Hannover.Landeshauptstadt,K03241001,1.69
1982,Hannover.Landeshauptstadt,K03241001,1.77
1983,Hannover.Landeshauptstadt,K03241001,0.0
1984,Hannover.Landeshauptstadt,K03241001,0.0
1985,Hannover.Landeshauptstadt,K03241001,0.0
1986,Hannover.Landeshauptstadt,K03241001,0.0
1987,Hannover.Landeshauptstadt,K03241001,1.14
1988,Hannover.Landeshauptstadt,K03241001,1.26
1989,Hannover.Landeshauptstadt,K03241001,1.16
1990,Hannover.Landeshauptstadt,K03241001,1.14
1991,Hannover.Landeshauptstadt,K03241001,1.17
1992,Hannover.Landeshauptstadt,K03241001,1.29
1993,Hannover.Landeshauptstadt,K03241001,1.39
1994,Hannover.Landeshauptstadt,K03241001,1.6
1995,Hannover.Landeshauptstadt,K03241001,1.77
1996,Hannover.Landeshauptstadt,K03241001,1.75
1997,Hannover.Landeshauptstadt,K03241001,1.72
1998,Hannover.Landeshauptstadt,K03241001,1.65
1999,Hannover.Landeshauptstadt,K03241001,1.8
2000,Hannover.Landeshauptstadt,K03241001,2.08
2001,Hannover.Landeshauptstadt,K03241001,1.84
2002,Hannover.Landeshauptstadt,K03241001,2.07
2003,Hannover.Landeshauptstadt,K03241001,2.52
2004,Hannover.Landeshauptstadt,K03241001,2.94
2005,Hannover.Landeshauptstadt,K03241001,3.72
2006,Hannover.Landeshauptstadt,K03241001,4.74
2007,Hannover.Landeshauptstadt,K03241001,5.4
2008,Hannover.Landeshauptstadt,K03241001,5.42
2009,Hannover.Landeshauptstadt,K03241001,5.69
2010,Hannover.Landeshauptstadt,K03241001,5.79
2011,Hannover.Landeshauptstadt,K03241001,5.75
2012,Hannover.Landeshauptstadt,K03241001,5.14
2013,Hannover.Landeshauptstadt,K03241001,5.22
2014,Hannover.Landeshauptstadt,K03241001,5.07
2015,Hannover.Landeshauptstadt,K03241001,5.11
2016,Hannover.Landeshauptstadt,K03241001,5.06
2017,Hannover.Landeshauptstadt,K03241001,5.06
2018,Hannover.Landeshauptstadt,K03241001,5.04
1970,Diepholz,K03251,5.09
1971,Diepholz,K03251,5.09
1972,Diepholz,K03251,5.15
1973,Diepholz,K03251,5.09
1974,Diepholz,K03251,5.13
1975,Diepholz,K03251,5.31
1976,Diepholz,K03251,3.82
1977,Diepholz,K03251,4.04
1978,Diepholz,K03251,4.49
1979,Diepholz,K03251,5.07
1980,Diepholz,K03251,6.52
1981,Diepholz,K03251,7.2
1982,Diepholz,K03251,7.76
1983,Diepholz,K03251,8.22
1984,Diepholz,K03251,0.0
1985,Diepholz,K03251,2.63
1986,Diepholz,K03251,3.18
1987,Diepholz,K03251,3.82
1988,Diepholz,K03251,4.61
1989,Diepholz,K03251,4.73
1990,Diepholz,K03251,4.61
1991,Diepholz,K03251,4.54
1992,Diepholz,K03251,4.54
1993,Diepholz,K03251,4.7
1994,Diepholz,K03251,4.81
1995,Diepholz,K03251,5.09
1996,Diepholz,K03251,5.31
1997,Diepholz,K03251,5.35
1998,Diepholz,K03251,5.2
1999,Diepholz,K03251,4.7
2000,Diepholz,K03251,4.76
2001,Diepholz,K03251,4.96
2002,Diepholz,K03251,4.41
2003,Diepholz,K03251,4.89
2004,Diepholz,K03251,5.33
2005,Diepholz,K03251,6.18
2006,Diepholz,K03251,6.91
2007,Diepholz,K03251,7.66
2008,Diepholz,K03251,7.74
2009,Diepholz,K03251,7.91
2010,Diepholz,K03251,8.34
2011,Diepholz,K03251,8.76
2012,Diepholz,K03251,8.91
2013,Diepholz,K03251,8.38
2014,Diepholz,K03251,8.53
2015,Diepholz,K03251,8.52
2016,Diepholz,K03251,8.45
2017,Diepholz,K03251,8.27
2018,Diepholz,K03251,8.2
1970,Hameln-Pyrmont,K03252,8.13
1971,Hameln-Pyrmont,K03252,7.98
1972,Hameln-Pyrmont,K03252,7.87
1973,Hameln-Pyrmont,K03252,7.77
1974,Hameln-Pyrmont,K03252,7.72
1975,Hameln-Pyrmont,K03252,7.69
1976,Hameln-Pyrmont,K03252,7.84
1977,Hameln-Pyrmont,K03252,6.13
1978,Hameln-Pyrmont,K03252,6.29
1979,Hameln-Pyrmont,K03252,6.62
1980,Hameln-Pyrmont,K03252,7.23
1981,Hameln-Pyrmont,K03252,8.27
1982,Hameln-Pyrmont,K03252,9.16
1983,Hameln-Pyrmont,K03252,9.74
1984,Hameln-Pyrmont,K03252,1.02
1985,Hameln-Pyrmont,K03252,0.0
1986,Hameln-Pyrmont,K03252,2.89
1987,Hameln-Pyrmont,K03252,3.39
1988,Hameln-Pyrmont,K03252,3.63
1989,Hameln-Pyrmont,K03252,4.23
1990,Hameln-Pyrmont,K03252,4.08
1991,Hameln-Pyrmont,K03252,3.8
1992,Hameln-Pyrmont,K03252,3.64
1993,Hameln-Pyrmont,K03252,3.63
1994,Hameln-Pyrmont,K03252,3.68
1995,Hameln-Pyrmont,K03252,3.86
1996,Hameln-Pyrmont,K03252,4.21
1997,Hameln-Pyrmont,K03252,4.32
1998,Hameln-Pyrmont,K03252,4.25
1999,Hameln-Pyrmont,K03252,4.16
2000,Hameln-Pyrmont,K03252,3.83
2001,Hameln-Pyrmont,K03252,3.97
2002,Hameln-Pyrmont,K03252,4.13
2003,Hameln-Pyrmont,K03252,3.78
2004,Hameln-Pyrmont,K03252,4.06
2005,Hameln-Pyrmont,K03252,4.41
2006,Hameln-Pyrmont,K03252,4.74
2007,Hameln-Pyrmont,K03252,5.12
2008,Hameln-Pyrmont,K03252,5.73
2009,Hameln-Pyrmont,K03252,5.78
2010,Hameln-Pyrmont,K03252,5.83
2011,Hameln-Pyrmont,K03252,6.15
2012,Hameln-Pyrmont,K03252,6.39
2013,Hameln-Pyrmont,K03252,6.45
2014,Hameln-Pyrmont,K03252,5.85
2015,Hameln-Pyrmont,K03252,5.9
2016,Hameln-Pyrmont,K03252,5.81
2017,Hameln-Pyrmont,K03252,5.81
2018,Hameln-Pyrmont,K03252,5.82
1970,Hildesheim,K03254,5.84
1971,Hildesheim,K03254,5.85
1972,Hildesheim,K03254,5.77
1973,Hildesheim,K03254,5.64
1974,Hildesheim,K03254,5.58
1975,Hildesheim,K03254,5.54
1976,Hildesheim,K03254,5.5
1977,Hildesheim,K03254,5.58
1978,Hildesheim,K03254,4.71
1979,Hildesheim,K03254,4.89
1980,Hildesheim,K03254,5.18
1981,Hildesheim,K03254,5.59
1982,Hildesheim,K03254,6.83
1983,Hildesheim,K03254,7.3
1984,Hildesheim,K03254,7.63
1985,Hildesheim,K03254,8.13
1986,Hildesheim,K03254,0.0
1987,Hildesheim,K03254,1.52
1988,Hildesheim,K03254,1.97
1989,Hildesheim,K03254,2.28
1990,Hildesheim,K03254,2.84
1991,Hildesheim,K03254,3.13
1992,Hildesheim,K03254,3.04
1993,Hildesheim,K03254,2.9
1994,Hildesheim,K03254,2.8
1995,Hildesheim,K03254,2.99
1996,Hildesheim,K03254,3.29
1997,Hildesheim,K03254,3.66
1998,Hildesheim,K03254,3.91
1999,Hildesheim,K03254,3.94
2000,Hildesheim,K03254,3.77
2001,Hildesheim,K03254,3.43
2002,Hildesheim,K03254,3.49
2003,Hildesheim,K03254,3.81
2004,Hildesheim,K03254,3.3
2005,Hildesheim,K03254,3.72
2006,Hildesheim,K03254,4.35
2007,Hildesheim,K03254,4.95
2008,Hildesheim,K03254,5.53
2009,Hildesheim,K03254,6.32
2010,Hildesheim,K03254,6.84
2011,Hildesheim,K03254,7.09
2012,Hildesheim,K03254,7.46
2013,Hildesheim,K03254,7.62
2014,Hildesheim,K03254,7.7
2015,Hildesheim,K03254,7.05
2016,Hildesheim,K03254,6.92
2017,Hildesheim,K03254,6.83
2018,Hildesheim,K03254,6.77
1970,Holzminden,K03255,6.85
1971,Holzminden,K03255,6.8
1972,Holzminden,K03255,6.7
1973,Holzminden,K03255,6.63
1974,Holzminden,K03255,6.51
1975,Holzminden,K03255,6.53
1976,Holzminden,K03255,6.44
1977,Holzminden,K03255,6.44
1978,Holzminden,K03255,6.59
1979,Holzminden,K03255,4.19
1980,Holzminden,K03255,4.19
1981,Holzminden,K03255,4.37
1982,Holzminden,K03255,4.61
1983,Holzminden,K03255,5.93
1984,Holzminden,K03255,6.61
1985,Holzminden,K03255,6.97
1986,Holzminden,K03255,7.3
1987,Holzminden,K03255,0.0
1988,Holzminden,K03255,1.21
1989,Holzminden,K03255,1.44
1990,Holzminden,K03255,1.61
1991,Holzminden,K03255,1.75
1992,Holzminden,K03255,1.73
1993,Holzminden,K03255,1.71
1994,Holzminden,K03255,1.8
1995,Holzminden,K03255,1.77
1996,Holzminden,K03255,1.88
1997,Holzminden,K03255,2.13
1998,Holzminden,K03255,2.27
1999,Holzminden,K03255,2.45
2000,Holzminden,K03255,2.45
2001,Holzminden,K03255,2.42
2002,Holzminden,K03255,2.3
2003,Holzminden,K03255,2.48
2004,Holzminden,K03255,2.72
2005,Holzminden,K03255,2.49
2006,Holzminden,K03255,2.92
2007,Holzminden,K03255,3.34
2008,Holzminden,K03255,3.94
2009,Holzminden,K03255,4.21
2010,Holzminden,K03255,4.81
2011,Holzminden,K03255,5.12
2012,Holzminden,K03255,5.43
2013,Holzminden,K03255,5.83
2014,Holzminden,K03255,5.83
2015,Holzminden,K03255,5.75
2016,Holzminden,K03255,5.41
2017,Holzminden,K03255,5.49
2018,Holzminden,K03255,5.39
1970,Nienburg (Weser),K03256,5.48
1971,Nienburg (Weser),K03256,5.45
1972,Nienburg (Weser),K03256,5.41
1973,Nienburg (Weser),K03256,5.47
1974,Nienburg (Weser),K03256,5.41
1975,Nienburg (Weser),K03256,5.41
1976,Nienburg (Weser),K03256,5.39
1977,Nienburg (Weser),K03256,5.3
1978,Nienburg (Weser),K03256,5.21
1979,Nienburg (Weser),K03256,5.22
1980,Nienburg (Weser),K03256,4.38
1981,Nienburg (Weser),K03256,4.22
1982,Nienburg (Weser),K03256,4.4
1983,Nienburg (Weser),K03256,4.74
1984,Nienburg (Weser),K03256,6.02
1985,Nienburg (Weser),K03256,7.3
1986,Nienburg (Weser),K03256,7.73
1987,Nienburg (Weser),K03256,8.08
1988,Nienburg (Weser),K03256,0.0
1989,Nienburg (Weser),K03256,2.33
1990,Nienburg (Weser),K03256,2.73
1991,Nienburg (Weser),K03256,3.09
1992,Nienburg (Weser),K03256,3.51
1993,Nienburg (Weser),K03256,3.35
1994,Nienburg (Weser),K03256,3.14
1995,Nienburg (Weser),K03256,3.09
1996,Nienburg (Weser),K03256,3.19
1997,Nienburg (Weser),K03256,3.41
1998,Nienburg (Weser),K03256,3.61
1999,Nienburg (Weser),K03256,4.02
2000,Nienburg (Weser),K03256,4.12
2001,Nienburg (Weser),K03256,4.12
2002,Nienburg (Weser),K03256,4.01
2003,Nienburg (Weser),K03256,3.94
2004,Nienburg (Weser),K03256,4.03
2005,Nienburg (Weser),K03256,4.28
2006,Nienburg (Weser),K03256,4.03
2007,Nienburg (Weser),K03256,4.38
2008,Nienburg (Weser),K03256,4.69
2009,Nienburg (Weser),K03256,5.3
2010,Nienburg (Weser),K03256,5.86
2011,Nienburg (Weser),K03256,6.61
2012,Nienburg (Weser),K03256,6.94
2013,Nienburg (Weser),K03256,7.2
2014,Nienburg (Weser),K03256,7.45
2015,Nienburg (Weser),K03256,7.62
2016,Nienburg (Weser),K03256,7.65
2017,Nienburg (Weser),K03256,7.15
2018,Nienburg (Weser),K03256,7.16
1970,Schaumburg,K03257,6.87
1971,Schaumburg,K03257,6.79
1972,Schaumburg,K03257,6.77
1973,Schaumburg,K03257,6.61
1974,Schaumburg,K03257,6.53
1975,Schaumburg,K03257,6.39
1976,Schaumburg,K03257,6.21
1977,Schaumburg,K03257,6.12
1978,Schaumburg,K03257,5.95
1979,Schaumburg,K03257,5.95
1980,Schaumburg,K03257,5.92
1981,Schaumburg,K03257,5.0
1982,Schaumburg,K03257,5.09
1983,Schaumburg,K03257,5.28
1984,Schaumburg,K03257,5.68
1985,Schaumburg,K03257,6.37
1986,Schaumburg,K03257,7.56
1987,Schaumburg,K03257,8.15
1988,Schaumburg,K03257,8.44
1989,Schaumburg,K03257,0.0
1990,Schaumburg,K03257,1.26
1991,Schaumburg,K03257,1.59
1992,Schaumburg,K03257,1.83
1993,Schaumburg,K03257,2.11
1994,Schaumburg,K03257,2.18
1995,Schaumburg,K03257,2.11
1996,Schaumburg,K03257,2.09
1997,Schaumburg,K03257,2.12
1998,Schaumburg,K03257,2.19
1999,Schaumburg,K03257,2.34
2000,Schaumburg,K03257,2.52
2001,Schaumburg,K03257,2.7
2002,Schaumburg,K03257,2.73
2003,Schaumburg,K03257,2.71
2004,Schaumburg,K03257,2.65
2005,Schaumburg,K03257,2.75
2006,Schaumburg,K03257,2.93
2007,Schaumburg,K03257,2.39
2008,Schaumburg,K03257,2.67
2009,Schaumburg,K03257,3.06
2010,Schaumburg,K03257,3.44
2011,Schaumburg,K03257,3.98
2012,Schaumburg,K03257,4.57
2013,Schaumburg,K03257,4.71
2014,Schaumburg,K03257,4.97
2015,Schaumburg,K03257,5.33
2016,Schaumburg,K03257,5.46
2017,Schaumburg,K03257,5.52
2018,Schaumburg,K03257,5.17
1970,Lüneburg,K033,5.26
1971,Lüneburg,K033,5.23
1972,Lüneburg,K033,5.27
1973,Lüneburg,K033,5.26
1974,Lüneburg,K033,5.23
1975,Lüneburg,K033,5.18
1976,Lüneburg,K033,5.14
1977,Lüneburg,K033,5.09
1978,Lüneburg,K033,5.07
1979,Lüneburg,K033,5.01
1980,Lüneburg,K033,4.99
1981,Lüneburg,K033,5.04
1982,Lüneburg,K033,3.94
1983,Lüneburg,K033,4.12
1984,Lüneburg,K033,4.43
1985,Lüneburg,K033,4.89
1986,Lüneburg,K033,6.22
1987,Lüneburg,K033,6.62
1988,Lüneburg,K033,6.8
1989,Lüneburg,K033,7.09
1990,Lüneburg,K033,0.0
1991,Lüneburg,K033,1.71
1992,Lüneburg,K033,1.99
1993,Lüneburg,K033,2.22
1994,Lüneburg,K033,2.88
1995,Lüneburg,K033,3.1
1996,Lüneburg,K033,2.95
1997,Lüneburg,K033,3.01
1998,Lüneburg,K033,3.07
1999,Lüneburg,K033,3.36
2000,Lüneburg,K033,3.46
2001,Lüneburg,K033,3.7
2002,Lüneburg,K033,3.78
2003,Lüneburg,K033,3.77
2004,Lüneburg,K033,3.75
2005,Lüneburg,K033,3.72
2006,Lüneburg,K033,3.85
2007,Lüneburg,K033,3.87
2008,Lüneburg,K033,3.64
2009,Lüneburg,K033,3.89
2010,Lüneburg,K033,4.15
2011,Lüneburg,K033,4.34
2012,Lüneburg,K033,4.73
2013,Lüneburg,K033,5.32
2014,Lüneburg,K033,5.64
2015,Lüneburg,K033,5.92
2016,Lüneburg,K033,6.24
2017,Lüneburg,K033,6.4
2018,Lüneburg,K033,6.44
1970,Celle,K03351,5.92
1971,Celle,K03351,5.89
1972,Celle,K03351,5.69
1973,Celle,K03351,5.48
1974,Celle,K03351,5.42
1975,Celle,K03351,5.24
1976,Celle,K03351,5.13
1977,Celle,K03351,5.03
1978,Celle,K03351,4.93
1979,Celle,K03351,4.85
1980,Celle,K03351,4.87
1981,Celle,K03351,4.85
1982,Celle,K03351,4.91
1983,Celle,K03351,4.17
1984,Celle,K03351,4.38
1985,Celle,K03351,4.67
1986,Celle,K03351,5.18
1987,Celle,K03351,6.34
1988,Celle,K03351,6.98
1989,Celle,K03351,7.39
1990,Celle,K03351,7.79
1991,Celle,K03351,0.0
1992,Celle,K03351,1.47
1993,Celle,K03351,1.75
1994,Celle,K03351,2.09
1995,Celle,K03351,2.26
1996,Celle,K03351,2.36
1997,Celle,K03351,2.32
1998,Celle,K03351,2.33
1999,Celle,K03351,2.37
2000,Celle,K03351,2.38
2001,Celle,K03351,2.43
2002,Celle,K03351,2.67
2003,Celle,K03351,2.83
2004,Celle,K03351,2.91
2005,Celle,K03351,2.92
2006,Celle,K03351,2.79
2007,Celle,K03351,2.92
2008,Celle,K03351,3.11
2009,Celle,K03351,2.62
2010,Celle,K03351,2.82
2011,Celle,K03351,3.18
2012,Celle,K03351,3.65
2013,Celle,K03351,4.17
2014,Celle,K03351,4.82
2015,Celle,K03351,4.98
2016,Celle,K03351,5.31
2017,Celle,K03351,5.61
2018,Celle,K03351,5.68
1970,Cuxhaven,K03352,5.77
1971,Cuxhaven,K03352,5.51
1972,Cuxhaven,K03352,5.68
1973,Cuxhaven,K03352,5.68
1974,Cuxhaven,K03352,5.8
1975,Cuxhaven,K03352,5.86
1976,Cuxhaven,K03352,5.86
1977,Cuxhaven,K03352,5.85
1978,Cuxhaven,K03352,5.72
1979,Cuxhaven,K03352,5.7
1980,Cuxhaven,K03352,5.63
1981,Cuxhaven,K03352,5.62
1982,Cuxhaven,K03352,5.61
1983,Cuxhaven,K03352,5.61
1984,Cuxhaven,K03352,3.95
1985,Cuxhaven,K03352,4.12
1986,Cuxhaven,K03352,4.24
1987,Cuxhaven,K03352,4.66
1988,Cuxhaven,K03352,5.56
1989,Cuxhaven,K03352,6.18
1990,Cuxhaven,K03352,6.21
1991,Cuxhaven,K03352,6.28
1992,Cuxhaven,K03352,0.0
1993,Cuxhaven,K03352,1.73
1994,Cuxhaven,K03352,2.22
1995,Cuxhaven,K03352,2.36
1996,Cuxhaven,K03352,2.51
1997,Cuxhaven,K03352,2.52
1998,Cuxhaven,K03352,2.36
1999,Cuxhaven,K03352,2.28
2000,Cuxhaven,K03352,2.23
2001,Cuxhaven,K03352,2.2
2002,Cuxhaven,K03352,2.3
2003,Cuxhaven,K03352,2.46
2004,Cuxhaven,K03352,2.58
2005,Cuxhaven,K03352,2.63
2006,Cuxhaven,K03352,2.59
2007,Cuxhaven,K03352,2.56
2008,Cuxhaven,K03352,2.65
2009,Cuxhaven,K03352,2.83
2010,Cuxhaven,K03352,2.28
2011,Cuxhaven,K03352,2.56
2012,Cuxhaven,K03352,2.97
2013,Cuxhaven,K03352,3.12
2014,Cuxhaven,K03352,3.8
2015,Cuxhaven,K03352,4.27
2016,Cuxhaven,K03352,4.33
2017,Cuxhaven,K03352,4.42
2018,Cuxhaven,K03352,4.77
1970,Harburg,K03353,4.92
1971,Harburg,K03353,4.86
1972,Harburg,K03353,4.62
1973,Harburg,K03353,4.82
1974,Harburg,K03353,4.91
1975,Harburg,K03353,4.94
1976,Harburg,K03353,4.87
1977,Harburg,K03353,4.85
1978,Harburg,K03353,4.77
1979,Harburg,K03353,4.75
1980,Harburg,K03353,4.68
1981,Harburg,K03353,4.73
1982,Harburg,K03353,4.71
1983,Harburg,K03353,4.73
1984,Harburg,K03353,4.9
1985,Harburg,K03353,4.23
1986,Harburg,K03353,4.54
1987,Harburg,K03353,4.92
1988,Harburg,K03353,5.39
1989,Harburg,K03353,6.38
1990,Harburg,K03353,7.0
1991,Harburg,K03353,7.27
1992,Harburg,K03353,7.56
1993,Harburg,K03353,0.0
1994,Harburg,K03353,0.0
1995,Harburg,K03353,0.0
1996,Harburg,K03353,0.0
1997,Harburg,K03353,0.0
1998,Harburg,K03353,0.0
1999,Harburg,K03353,0.0
2000,Harburg,K03353,0.0
2001,Harburg,K03353,0.0
2002,Harburg,K03353,0.0
2003,Harburg,K03353,0.0
2004,Harburg,K03353,0.0
2005,Harburg,K03353,1.19
2006,Harburg,K03353,1.19
2007,Harburg,K03353,1.19
2008,Harburg,K03353,1.23
2009,Harburg,K03353,1.42
2010,Harburg,K03353,1.63
2011,Harburg,K03353,1.19
2012,Harburg,K03353,1.51
2013,Harburg,K03353,1.65
2014,Harburg,K03353,2.11
2015,Harburg,K03353,2.5
2016,Harburg,K03353,2.88
2017,Harburg,K03353,2.92
2018,Harburg,K03353,2.93
1970,Lüchow-Dannenberg,K03354,3.34
1971,Lüchow-Dannenberg,K03354,3.38
1972,Lüchow-Dannenberg,K03354,3.45
1973,Lüchow-Dannenberg,K03354,3.39
1974,Lüchow-Dannenberg,K03354,3.42
1975,Lüchow-Dannenberg,K03354,3.52
1976,Lüchow-Dannenberg,K03354,3.6
1977,Lüchow-Dannenberg,K03354,3.78
1978,Lüchow-Dannenberg,K03354,4.0
1979,Lüchow-Dannenberg,K03354,4.06
1980,Lüchow-Dannenberg,K03354,4.01
1981,Lüchow-Dannenberg,K03354,4.04
1982,Lüchow-Dannenberg,K03354,4.24
1983,Lüchow-Dannenberg,K03354,4.32
1984,Lüchow-Dannenberg,K03354,4.59
1985,Lüchow-Dannenberg,K03354,4.49
1986,Lüchow-Dannenberg,K03354,3.12
1987,Lüchow-Dannenberg,K03354,3.33
1988,Lüchow-Dannenberg,K03354,3.73
1989,Lüchow-Dannenberg,K03354,4.44
1990,Lüchow-Dannenberg,K03354,7.58
1991,Lüchow-Dannenberg,K03354,5.73
1992,Lüchow-Dannenberg,K03354,5.28
1993,Lüchow-Dannenberg,K03354,5.49
1994,Lüchow-Dannenberg,K03354,0.0
1995,Lüchow-Dannenberg,K03354,1.17
1996,Lüchow-Dannenberg,K03354,1.9
1997,Lüchow-Dannenberg,K03354,2.24
1998,Lüchow-Dannenberg,K03354,2.23
1999,Lüchow-Dannenberg,K03354,2.29
2000,Lüchow-Dannenberg,K03354,2.2
2001,Lüchow-Dannenberg,K03354,2.26
2002,Lüchow-Dannenberg,K03354,2.32
2003,Lüchow-Dannenberg,K03354,2.43
2004,Lüchow-Dannenberg,K03354,2.54
2005,Lüchow-Dannenberg,K03354,2.76
2006,Lüchow-Dannenberg,K03354,3.01
2007,Lüchow-Dannenberg,K03354,3.06
2008,Lüchow-Dannenberg,K03354,3.02
2009,Lüchow-Dannenberg,K03354,2.98
2010,Lüchow-Dannenberg,K03354,3.06
2011,Lüchow-Dannenberg,K03354,3.18
2012,Lüchow-Dannenberg,K03354,2.19
2013,Lüchow-Dannenberg,K03354,2.49
2014,Lüchow-Dannenberg,K03354,2.88
2015,Lüchow-Dannenberg,K03354,3.27
2016,Lüchow-Dannenberg,K03354,3.66
2017,Lüchow-Dannenberg,K03354,4.2
2018,Lüchow-Dannenberg,K03354,4.18
1970,Lüneburg,K03355,4.81
1971,Lüneburg,K03355,5.37
1972,Lüneburg,K03355,5.6
1973,Lüneburg,K03355,5.65
1974,Lüneburg,K03355,5.35
1975,Lüneburg,K03355,5.42
1976,Lüneburg,K03355,5.52
1977,Lüneburg,K03355,5.78
1978,Lüneburg,K03355,5.79
1979,Lüneburg,K03355,5.79
1980,Lüneburg,K03355,5.79
1981,Lüneburg,K03355,5.78
1982,Lüneburg,K03355,5.6
1983,Lüneburg,K03355,5.52
1984,Lüneburg,K03355,5.36
1985,Lüneburg,K03355,5.36
1986,Lüneburg,K03355,5.36
1987,Lüneburg,K03355,3.61
1988,Lüneburg,K03355,3.75
1989,Lüneburg,K03355,4.01
1990,Lüneburg,K03355,4.5
1991,Lüneburg,K03355,5.83
1992,Lüneburg,K03355,6.31
1993,Lüneburg,K03355,6.62
1994,Lüneburg,K03355,6.74
1995,Lüneburg,K03355,0.0
1996,Lüneburg,K03355,0.0
1997,Lüneburg,K03355,0.0
1998,Lüneburg,K03355,1.07
1999,Lüneburg,K03355,1.19
2000,Lüneburg,K03355,1.17
2001,Lüneburg,K03355,1.14
2002,Lüneburg,K03355,1.1
2003,Lüneburg,K03355,1.11
2004,Lüneburg,K03355,1.19
2005,Lüneburg,K03355,1.34
2006,Lüneburg,K03355,1.49
2007,Lüneburg,K03355,1.68
2008,Lüneburg,K03355,1.66
2009,Lüneburg,K03355,1.72
2010,Lüneburg,K03355,1.7
2011,Lüneburg,K03355,1.8
2012,Lüneburg,K03355,2.01
2013,Lüneburg,K03355,1.63
2014,Lüneburg,K03355,1.86
2015,Lüneburg,K03355,2.22
2016,Lüneburg,K03355,2.58
2017,Lüneburg,K03355,3.02
2018,Lüneburg,K03355,3.69
1970,Osterholz,K03356,3.75
1971,Osterholz,K03356,3.93
1972,Osterholz,K03356,4.3
1973,Osterholz,K03356,4.44
1974,Osterholz,K03356,4.5
1975,Osterholz,K03356,4.35
1976,Osterholz,K03356,4.44
1977,Osterholz,K03356,4.45
1978,Osterholz,K03356,4.45
1979,Osterholz,K03356,4.45
1980,Osterholz,K03356,4.39
1981,Osterholz,K03356,4.4
1982,Osterholz,K03356,4.35
1983,Osterholz,K03356,4.31
1984,Osterholz,K03356,4.3
1985,Osterholz,K03356,4.23
1986,Osterholz,K03356,4.17
1987,Osterholz,K03356,4.22
1988,Osterholz,K03356,3.25
1989,Osterholz,K03356,3.44
1990,Osterholz,K03356,3.69
1991,Osterholz,K03356,4.16
1992,Osterholz,K03356,5.75
1993,Osterholz,K03356,5.19
1994,Osterholz,K03356,5.33
1995,Osterholz,K03356,5.48
1996,Osterholz,K03356,0.0
1997,Osterholz,K03356,0.0
1998,Osterholz,K03356,0.0
1999,Osterholz,K03356,0.0
2000,Osterholz,K03356,1.1
2001,Osterholz,K03356,1.13
2002,Osterholz,K03356,1.15
2003,Osterholz,K03356,1.16
2004,Osterholz,K03356,1.21
2005,Osterholz,K03356,1.26
2006,Osterholz,K03356,1.49
2007,Osterholz,K03356,1.61
2008,Osterholz,K03356,1.75
2009,Osterholz,K03356,1.75
2010,Osterholz,K03356,1.76
2011,Osterholz,K03356,1.76
2012,Osterholz,K03356,1.87
2013,Osterholz,K03356,1.97
2014,Osterholz,K03356,1.68
2015,Osterholz,K03356,2.1
2016,Osterholz,K03356,2.49
2017,Osterholz,K03356,2.86
2018,Osterholz,K03356,3.51
1970,Rotenburg (Wümme),K03357,4.13
1971,Rotenburg (Wümme),K03357,4.19
1972,Rotenburg (Wümme),K03357,4.23
1973,Rotenburg (Wümme),K03357,4.63
1974,Rotenburg (Wümme),K03357,4.82
1975,Rotenburg (Wümme),K03357,4.92
1976,Rotenburg (Wümme),K03357,4.62
1977,Rotenburg (Wümme),K03357,4.78
1978,Rotenburg (Wümme),K03357,4.92
1979,Rotenburg (Wümme),K03357,4.93
1980,Rotenburg (Wümme),K03357,4.84
1981,Rotenburg (Wümme),K03357,4.83
1982,Rotenburg (Wümme),K03357,4.82
1983,Rotenburg (Wümme),K03357,4.78
1984,Rotenburg (Wümme),K03357,4.78
1985,Rotenburg (Wümme),K03357,4.77
1986,Rotenburg (Wümme),K03357,4.69
1987,Rotenburg (Wümme),K03357,4.6
1988,Rotenburg (Wümme),K03357,4.6
1989,Rotenburg (Wümme),K03357,3.57
1990,Rotenburg (Wümme),K03357,3.74
1991,Rotenburg (Wümme),K03357,4.07
1992,Rotenburg (Wümme),K03357,4.48
1993,Rotenburg (Wümme),K03357,5.63
1994,Rotenburg (Wümme),K03357,5.89
1995,Rotenburg (Wümme),K03357,6.01
1996,Rotenburg (Wümme),K03357,6.23
1997,Rotenburg (Wümme),K03357,0.0
1998,Rotenburg (Wümme),K03357,1.88
1999,Rotenburg (Wümme),K03357,2.17
2000,Rotenburg (Wümme),K03357,2.41
2001,Rotenburg (Wümme),K03357,2.84
2002,Rotenburg (Wümme),K03357,2.77
2003,Rotenburg (Wümme),K03357,2.5
2004,Rotenburg (Wümme),K03357,2.45
2005,Rotenburg (Wümme),K03357,2.45
2006,Rotenburg (Wümme),K03357,2.42
2007,Rotenburg (Wümme),K03357,2.49
2008,Rotenburg (Wümme),K03357,2.57
2009,Rotenburg (Wümme),K03357,2.87
2010,Rotenburg (Wümme),K03357,3.03
2011,Rotenburg (Wümme),K03357,3.02
2012,Rotenburg (Wümme),K03357,2.97
2013,Rotenburg (Wümme),K03357,2.95
2014,Rotenburg (Wümme),K03357,3.04
2015,Rotenburg (Wümme),K03357,2.5
2016,Rotenburg (Wümme),K03357,2.82
2017,Rotenburg (Wümme),K03357,3.2
2018,Rotenburg (Wümme),K03357,3.57
1970,Heidekreis,K03358,4.05
1971,Heidekreis,K03358,4.64
1972,Heidekreis,K03358,4.94
1973,Heidekreis,K03358,5.17
1974,Heidekreis,K03358,5.52
1975,Heidekreis,K03358,5.61
1976,Heidekreis,K03358,5.7
1977,Heidekreis,K03358,5.43
1978,Heidekreis,K03358,5.48
1979,Heidekreis,K03358,5.36
1980,Heidekreis,K03358,5.31
1981,Heidekreis,K03358,5.28
1982,Heidekreis,K03358,5.17
1983,Heidekreis,K03358,5.16
1984,Heidekreis,K03358,5.15
1985,Heidekreis,K03358,5.16
1986,Heidekreis,K03358,5.08
1987,Heidekreis,K03358,4.93
1988,Heidekreis,K03358,4.88
1989,Heidekreis,K03358,4.99
1990,Heidekreis,K03358,3.74
1991,Heidekreis,K03358,4.01
1992,Heidekreis,K03358,4.37
1993,Heidekreis,K03358,4.9
1994,Heidekreis,K03358,7.9
1995,Heidekreis,K03358,7.86
1996,Heidekreis,K03358,7.71
1997,Heidekreis,K03358,8.32
1998,Heidekreis,K03358,0.0
1999,Heidekreis,K03358,1.21
2000,Heidekreis,K03358,1.69
2001,Heidekreis,K03358,2.01
2002,Heidekreis,K03358,2.36
2003,Heidekreis,K03358,2.5
2004,Heidekreis,K03358,2.56
2005,Heidekreis,K03358,2.49
2006,Heidekreis,K03358,2.51
2007,Heidekreis,K03358,2.61
2008,Heidekreis,K03358,3.0
2009,Heidekreis,K03358,3.17
2010,Heidekreis,K03358,3.44
2011,Heidekreis,K03358,3.42
2012,Heidekreis,K03358,3.39
2013,Heidekreis,K03358,3.29
2014,Heidekreis,K03358,3.36
2015,Heidekreis,K03358,3.76
2016,Heidekreis,K03358,2.61
2017,Heidekreis,K03358,2.91
2018,Heidekreis,K03358,3.42
1970,Stade,K03359,3.92
1971,Stade,K03359,4.47
1972,Stade,K03359,4.99
1973,Stade,K03359,5.02
1974,Stade,K03359,5.17
1975,Stade,K03359,5.47
1976,Stade,K03359,5.53
1977,Stade,K03359,5.61
1978,Stade,K03359,5.12
1979,Stade,K03359,5.07
1980,Stade,K03359,4.85
1981,Stade,K03359,5.0
1982,Stade,K03359,5.06
1983,Stade,K03359,5.08
1984,Stade,K03359,5.01
1985,Stade,K03359,5.08
1986,Stade,K03359,5.16
1987,Stade,K03359,5.19
1988,Stade,K03359,5.1
1989,Stade,K03359,5.11
1990,Stade,K03359,5.14
1991,Stade,K03359,4.79
1992,Stade,K03359,4.9
1993,Stade,K03359,5.38
1994,Stade,K03359,5.79
1995,Stade,K03359,6.97
1996,Stade,K03359,7.78
1997,Stade,K03359,7.96
1998,Stade,K03359,8.51
1999,Stade,K03359,0.0
2000,Stade,K03359,0.0
2001,Stade,K03359,0.0
2002,Stade,K03359,1.09
2003,Stade,K03359,1.41
2004,Stade,K03359,1.43
2005,Stade,K03359,1.26
2006,Stade,K03359,1.12
2007,Stade,K03359,1.14
2008,Stade,K03359,1.15
2009,Stade,K03359,1.17
2010,Stade,K03359,1.35
2011,Stade,K03359,1.57
2012,Stade,K03359,1.62
2013,Stade,K03359,1.62
2014,Stade,K03359,1.57
2015,Stade,K03359,1.68
2016,Stade,K03359,1.88
2017,Stade,K03359,1.54
2018,Stade,K03359,1.74
1970,Uelzen,K03360,2.24
1971,Uelzen,K03360,2.74
1972,Uelzen,K03360,3.35
1973,Uelzen,K03360,3.94
1974,Uelzen,K03360,4.14
1975,Uelzen,K03360,4.65
1976,Uelzen,K03360,5.04
1977,Uelzen,K03360,5.16
1978,Uelzen,K03360,5.29
1979,Uelzen,K03360,5.06
1980,Uelzen,K03360,5.07
1981,Uelzen,K03360,4.91
1982,Uelzen,K03360,5.09
1983,Uelzen,K03360,5.17
1984,Uelzen,K03360,5.13
1985,Uelzen,K03360,5.12
1986,Uelzen,K03360,5.1
1987,Uelzen,K03360,5.04
1988,Uelzen,K03360,5.07
1989,Uelzen,K03360,4.94
1990,Uelzen,K03360,4.87
1991,Uelzen,K03360,4.94
1992,Uelzen,K03360,2.66
1993,Uelzen,K03360,2.78
1994,Uelzen,K03360,3.12
1995,Uelzen,K03360,3.67
1996,Uelzen,K03360,4.82
1997,Uelzen,K03360,5.1
1998,Uelzen,K03360,5.48
1999,Uelzen,K03360,5.74
2000,Uelzen,K03360,0.0
2001,Uelzen,K03360,1.13
2002,Uelzen,K03360,1.31
2003,Uelzen,K03360,1.67
2004,Uelzen,K03360,2.09
2005,Uelzen,K03360,2.23
2006,Uelzen,K03360,2.31
2007,Uelzen,K03360,2.31
2008,Uelzen,K03360,2.37
2009,Uelzen,K03360,2.55
2010,Uelzen,K03360,2.76
2011,Uelzen,K03360,2.99
2012,Uelzen,K03360,3.05
2013,Uelzen,K03360,3.0
2014,Uelzen,K03360,2.93
2015,Uelzen,K03360,2.76
2016,Uelzen,K03360,2.91
2017,Uelzen,K03360,3.19
2018,Uelzen,K03360,2.84
1970,Verden,K03361,3.12
1971,Verden,K03361,3.64
1972,Verden,K03361,4.16
1973,Verden,K03361,4.9
1974,Verden,K03361,5.81
1975,Verden,K03361,6.16
1976,Verden,K03361,6.48
1977,Verden,K03361,6.88
1978,Verden,K03361,6.91
1979,Verden,K03361,7.03
1980,Verden,K03361,6.27
1981,Verden,K03361,6.44
1982,Verden,K03361,6.43
1983,Verden,K03361,6.32
1984,Verden,K03361,6.27
1985,Verden,K03361,6.19
1986,Verden,K03361,6.03
1987,Verden,K03361,5.89
1988,Verden,K03361,5.81
1989,Verden,K03361,5.71
1990,Verden,K03361,5.65
1991,Verden,K03361,5.58
1992,Verden,K03361,5.59
1993,Verden,K03361,4.67
1994,Verden,K03361,4.77
1995,Verden,K03361,4.88
1996,Verden,K03361,5.23
1997,Verden,K03361,5.95
1998,Verden,K03361,6.96
1999,Verden,K03361,7.21
2000,Verden,K03361,7.48
2001,Verden,K03361,0.0
2002,Verden,K03361,1.75
2003,Verden,K03361,1.98
2004,Verden,K03361,2.2
2005,Verden,K03361,2.58
2006,Verden,K03361,2.74
2007,Verden,K03361,2.7
2008,Verden,K03361,2.7
2009,Verden,K03361,2.72
2010,Verden,K03361,2.82
2011,Verden,K03361,3.05
2012,Verden,K03361,3.31
2013,Verden,K03361,3.43
2014,Verden,K03361,3.42
2015,Verden,K03361,3.36
2016,Verden,K03361,3.17
2017,Verden,K03361,3.27
2018,Verden,K03361,3.45
1970,Weser-Ems,K034,2.95
1971,Weser-Ems,K034,3.32
1972,Weser-Ems,K034,4.2
1973,Weser-Ems,K034,4.57
1974,Weser-Ems,K034,4.84
1975,Weser-Ems,K034,5.39
1976,Weser-Ems,K034,5.55
1977,Weser-Ems,K034,5.68
1978,Weser-Ems,K034,5.5
1979,Weser-Ems,K034,5.66
1980,Weser-Ems,K034,5.76
1981,Weser-Ems,K034,5.3
1982,Weser-Ems,K034,5.37
1983,Weser-Ems,K034,5.31
1984,Weser-Ems,K034,5.44
1985,Weser-Ems,K034,5.52
1986,Weser-Ems,K034,5.64
1987,Weser-Ems,K034,5.66
1988,Weser-Ems,K034,5.72
1989,Weser-Ems,K034,5.78
1990,Weser-Ems,K034,5.91
1991,Weser-Ems,K034,5.94
1992,Weser-Ems,K034,5.99
1993,Weser-Ems,K034,6.17
1994,Weser-Ems,K034,5.26
1995,Weser-Ems,K034,5.57
1996,Weser-Ems,K034,5.91
1997,Weser-Ems,K034,6.53
1998,Weser-Ems,K034,7.9
1999,Weser-Ems,K034,8.49
2000,Weser-Ems,K034,8.99
2001,Weser-Ems,K034,9.43
2002,Weser-Ems,K034,0.0
2003,Weser-Ems,K034,2.85
2004,Weser-Ems,K034,3.35
2005,Weser-Ems,K034,3.86
2006,Weser-Ems,K034,4.33
2007,Weser-Ems,K034,4.78
2008,Weser-Ems,K034,4.79
2009,Weser-Ems,K034,4.6
2010,Weser-Ems,K034,4.67
2011,Weser-Ems,K034,5.04
2012,Weser-Ems,K034,5.59
2013,Weser-Ems,K034,6.2
2014,Weser-Ems,K034,6.44
2015,Weser-Ems,K034,6.45
2016,Weser-Ems,K034,6.28
2017,Weser-Ems,K034,5.47
2018,Weser-Ems,K034,5.56
1970,Delmenhorst.Stadt,K03401,5.81
1971,Delmenhorst.Stadt,K03401,5.79
1972,Delmenhorst.Stadt,K03401,6.24
1973,Delmenhorst.Stadt,K03401,6.6
1974,Delmenhorst.Stadt,K03401,6.86
1975,Delmenhorst.Stadt,K03401,7.39
1976,Delmenhorst.Stadt,K03401,8.24
1977,Delmenhorst.Stadt,K03401,8.37
1978,Delmenhorst.Stadt,K03401,9.07
1979,Delmenhorst.Stadt,K03401,9.58
1980,Delmenhorst.Stadt,K03401,1.0
1981,Delmenhorst.Stadt,K03401,1.05
1982,Delmenhorst.Stadt,K03401,9.03
1983,Delmenhorst.Stadt,K03401,9.06
1984,Delmenhorst.Stadt,K03401,8.93
1985,Delmenhorst.Stadt,K03401,9.03
1986,Delmenhorst.Stadt,K03401,9.04
1987,Delmenhorst.Stadt,K03401,9.07
1988,Delmenhorst.Stadt,K03401,8.97
1989,Delmenhorst.Stadt,K03401,8.92
1990,Delmenhorst.Stadt,K03401,8.65
1991,Delmenhorst.Stadt,K03401,8.46
1992,Delmenhorst.Stadt,K03401,8.4
1993,Delmenhorst.Stadt,K03401,8.33
1994,Delmenhorst.Stadt,K03401,8.33
1995,Delmenhorst.Stadt,K03401,7.29
1996,Delmenhorst.Stadt,K03401,7.73
1997,Delmenhorst.Stadt,K03401,8.38
1998,Delmenhorst.Stadt,K03401,9.5
1999,Delmenhorst.Stadt,K03401,1.15
2000,Delmenhorst.Stadt,K03401,1.32
2001,Delmenhorst.Stadt,K03401,1.46
2002,Delmenhorst.Stadt,K03401,1.54
2003,Delmenhorst.Stadt,K03401,0.0
2004,Delmenhorst.Stadt,K03401,2.52
2005,Delmenhorst.Stadt,K03401,3.46
2006,Delmenhorst.Stadt,K03401,2.85
2007,Delmenhorst.Stadt,K03401,3.01
2008,Delmenhorst.Stadt,K03401,3.42
2009,Delmenhorst.Stadt,K03401,3.23
2010,Delmenhorst.Stadt,K03401,3.45
2011,Delmenhorst.Stadt,K03401,3.32
2012,Delmenhorst.Stadt,K03401,3.39
2013,Delmenhorst.Stadt,K03401,3.61
2014,Delmenhorst.Stadt,K03401,3.86
2015,Delmenhorst.Stadt,K03401,4.12
2016,Delmenhorst.Stadt,K03401,4.27
2017,Delmenhorst.Stadt,K03401,4.23
2018,Delmenhorst.Stadt,K03401,3.94
1970,Emden.Stadt,K03402,3.72
1971,Emden.Stadt,K03402,3.97
1972,Emden.Stadt,K03402,3.12
1973,Emden.Stadt,K03402,3.35
1974,Emden.Stadt,K03402,3.58
1975,Emden.Stadt,K03402,3.92
1976,Emden.Stadt,K03402,4.27
1977,Emden.Stadt,K03402,5.09
1978,Emden.Stadt,K03402,5.5
1979,Emden.Stadt,K03402,5.54
1980,Emden.Stadt,K03402,5.7
1981,Emden.Stadt,K03402,5.93
1982,Emden.Stadt,K03402,6.25
1983,Emden.Stadt,K03402,6.04
1984,Emden.Stadt,K03402,6.3
1985,Emden.Stadt,K03402,6.22
1986,Emden.Stadt,K03402,6.52
1987,Emden.Stadt,K03402,6.63
1988,Emden.Stadt,K03402,6.73
1989,Emden.Stadt,K03402,7.05
1990,Emden.Stadt,K03402,7.12
1991,Emden.Stadt,K03402,7.08
1992,Emden.Stadt,K03402,7.06
1993,Emden.Stadt,K03402,6.79
1994,Emden.Stadt,K03402,6.46
1995,Emden.Stadt,K03402,6.59
1996,Emden.Stadt,K03402,4.29
1997,Emden.Stadt,K03402,4.86
1998,Emden.Stadt,K03402,5.54
1999,Emden.Stadt,K03402,6.37
2000,Emden.Stadt,K03402,7.86
2001,Emden.Stadt,K03402,8.74
2002,Emden.Stadt,K03402,9.7
2003,Emden.Stadt,K03402,9.91
2004,Emden.Stadt,K03402,0.0
2005,Emden.Stadt,K03402,1.31
2006,Emden.Stadt,K03402,1.54
2007,Emden.Stadt,K03402,1.8
2008,Emden.Stadt,K03402,2.22
2009,Emden.Stadt,K03402,2.44
2010,Emden.Stadt,K03402,2.48
2011,Emden.Stadt,K03402,2.54
2012,Emden.Stadt,K03402,2.63
2013,Emden.Stadt,K03402,2.85
2014,Emden.Stadt,K03402,3.23
2015,Emden.Stadt,K03402,3.67
2016,Emden.Stadt,K03402,3.86
2017,Emden.Stadt,K03402,3.93
2018,Emden.Stadt,K03402,3.97
1970,Oldenburg(Oldb).Stadt,K03403,3.89
1971,Oldenburg(Oldb).Stadt,K03403,4.33
1972,Oldenburg(Oldb).Stadt,K03403,4.55
1973,Oldenburg(Oldb).Stadt,K03403,3.75
1974,Oldenburg(Oldb).Stadt,K03403,4.2
1975,Oldenburg(Oldb).Stadt,K03403,4.54
1976,Oldenburg(Oldb).Stadt,K03403,4.37
1977,Oldenburg(Oldb).Stadt,K03403,4.46
1978,Oldenburg(Oldb).Stadt,K03403,4.64
1979,Oldenburg(Oldb).Stadt,K03403,4.87
1980,Oldenburg(Oldb).Stadt,K03403,5.93
1981,Oldenburg(Oldb).Stadt,K03403,6.55
1982,Oldenburg(Oldb).Stadt,K03403,6.94
1983,Oldenburg(Oldb).Stadt,K03403,7.31
1984,Oldenburg(Oldb).Stadt,K03403,7.1
1985,Oldenburg(Oldb).Stadt,K03403,7.1
1986,Oldenburg(Oldb).Stadt,K03403,7.22
1987,Oldenburg(Oldb).Stadt,K03403,7.46
1988,Oldenburg(Oldb).Stadt,K03403,7.98
1989,Oldenburg(Oldb).Stadt,K03403,7.87
1990,Oldenburg(Oldb).Stadt,K03403,7.43
1991,Oldenburg(Oldb).Stadt,K03403,7.54
1992,Oldenburg(Oldb).Stadt,K03403,7.45
1993,Oldenburg(Oldb).Stadt,K03403,7.56
1994,Oldenburg(Oldb).Stadt,K03403,7.38
1995,Oldenburg(Oldb).Stadt,K03403,7.25
1996,Oldenburg(Oldb).Stadt,K03403,7.37
1997,Oldenburg(Oldb).Stadt,K03403,5.58
1998,Oldenburg(Oldb).Stadt,K03403,5.98
1999,Oldenburg(Oldb).Stadt,K03403,6.27
2000,Oldenburg(Oldb).Stadt,K03403,6.65
2001,Oldenburg(Oldb).Stadt,K03403,7.91
2002,Oldenburg(Oldb).Stadt,K03403,8.67
2003,Oldenburg(Oldb).Stadt,K03403,9.3
2004,Oldenburg(Oldb).Stadt,K03403,9.79
2005,Oldenburg(Oldb).Stadt,K03403,0.0
2006,Oldenburg(Oldb).Stadt,K03403,4.16
2007,Oldenburg(Oldb).Stadt,K03403,4.39
2008,Oldenburg(Oldb).Stadt,K03403,4.63
2009,Oldenburg(Oldb).Stadt,K03403,5.66
2010,Oldenburg(Oldb).Stadt,K03403,6.34
2011,Oldenburg(Oldb).Stadt,K03403,6.07
2012,Oldenburg(Oldb).Stadt,K03403,6.26
2013,Oldenburg(Oldb).Stadt,K03403,6.58
2014,Oldenburg(Oldb).Stadt,K03403,6.79
2015,Oldenburg(Oldb).Stadt,K03403,7.43
2016,Oldenburg(Oldb).Stadt,K03403,7.88
2017,Oldenburg(Oldb).Stadt,K03403,8.32
2018,Oldenburg(Oldb).Stadt,K03403,8.16
1970,Osnabrück.Stadt,K03404,7.96
1971,Osnabrück.Stadt,K03404,7.39
1972,Osnabrück.Stadt,K03404,7.52
1973,Osnabrück.Stadt,K03404,7.78
1974,Osnabrück.Stadt,K03404,7.28
1975,Osnabrück.Stadt,K03404,8.83
1976,Osnabrück.Stadt,K03404,1.92
1977,Osnabrück.Stadt,K03404,2.61
1978,Osnabrück.Stadt,K03404,2.59
1979,Osnabrück.Stadt,K03404,2.64
1980,Osnabrück.Stadt,K03404,2.67
1981,Osnabrück.Stadt,K03404,2.71
1982,Osnabrück.Stadt,K03404,9.18
1983,Osnabrück.Stadt,K03404,9.51
1984,Osnabrück.Stadt,K03404,9.79
1985,Osnabrück.Stadt,K03404,8.96
1986,Osnabrück.Stadt,K03404,8.97
1987,Osnabrück.Stadt,K03404,8.74
1988,Osnabrück.Stadt,K03404,8.66
1989,Osnabrück.Stadt,K03404,8.73
1990,Osnabrück.Stadt,K03404,8.87
1991,Osnabrück.Stadt,K03404,8.71
1992,Osnabrück.Stadt,K03404,8.55
1993,Osnabrück.Stadt,K03404,8.26
1994,Osnabrück.Stadt,K03404,8.2
1995,Osnabrück.Stadt,K03404,8.15
1996,Osnabrück.Stadt,K03404,8.0
1997,Osnabrück.Stadt,K03404,8.05
1998,Osnabrück.Stadt,K03404,8.66
1999,Osnabrück.Stadt,K03404,9.04
2000,Osnabrück.Stadt,K03404,9.36
2001,Osnabrück.Stadt,K03404,9.91
2002,Osnabrück.Stadt,K03404,1.13
2003,Osnabrück.Stadt,K03404,1.23
2004,Osnabrück.Stadt,K03404,1.27
2005,Osnabrück.Stadt,K03404,1.3
2006,Osnabrück.Stadt,K03404,0.0
2007,Osnabrück.Stadt,K03404,2.36
2008,Osnabrück.Stadt,K03404,2.81
2009,Osnabrück.Stadt,K03404,3.23
2010,Osnabrück.Stadt,K03404,3.69
2011,Osnabrück.Stadt,K03404,4.21
2012,Osnabrück.Stadt,K03404,4.28
2013,Osnabrück.Stadt,K03404,4.25
2014,Osnabrück.Stadt,K03404,4.21
2015,Osnabrück.Stadt,K03404,4.25
2016,Osnabrück.Stadt,K03404,4.68
2017,Osnabrück.Stadt,K03404,5.18
2018,Osnabrück.Stadt,K03404,5.12
1970,Wilhelmshaven.Stadt,K03405,5.24
1971,Wilhelmshaven.Stadt,K03405,5.21
1972,Wilhelmshaven.Stadt,K03405,5.0
1973,Wilhelmshaven.Stadt,K03405,4.96
1974,Wilhelmshaven.Stadt,K03405,4.97
1975,Wilhelmshaven.Stadt,K03405,3.53
1976,Wilhelmshaven.Stadt,K03405,3.79
1977,Wilhelmshaven.Stadt,K03405,4.25
1978,Wilhelmshaven.Stadt,K03405,4.57
1979,Wilhelmshaven.Stadt,K03405,4.94
1980,Wilhelmshaven.Stadt,K03405,5.51
1981,Wilhelmshaven.Stadt,K03405,5.83
1982,Wilhelmshaven.Stadt,K03405,6.15
1983,Wilhelmshaven.Stadt,K03405,6.32
1984,Wilhelmshaven.Stadt,K03405,6.53
1985,Wilhelmshaven.Stadt,K03405,6.57
1986,Wilhelmshaven.Stadt,K03405,5.85
1987,Wilhelmshaven.Stadt,K03405,5.96
1988,Wilhelmshaven.Stadt,K03405,5.65
1989,Wilhelmshaven.Stadt,K03405,5.63
1990,Wilhelmshaven.Stadt,K03405,5.46
1991,Wilhelmshaven.Stadt,K03405,5.58
1992,Wilhelmshaven.Stadt,K03405,5.34
1993,Wilhelmshaven.Stadt,K03405,5.23
1994,Wilhelmshaven.Stadt,K03405,5.1
1995,Wilhelmshaven.Stadt,K03405,5.35
1996,Wilhelmshaven.Stadt,K03405,5.32
1997,Wilhelmshaven.Stadt,K03405,5.53
1998,Wilhelmshaven.Stadt,K03405,6.16
1999,Wilhelmshaven.Stadt,K03405,4.19
2000,Wilhelmshaven.Stadt,K03405,4.24
2001,Wilhelmshaven.Stadt,K03405,4.09
2002,Wilhelmshaven.Stadt,K03405,4.51
2003,Wilhelmshaven.Stadt,K03405,6.05
2004,Wilhelmshaven.Stadt,K03405,7.22
2005,Wilhelmshaven.Stadt,K03405,8.49
2006,Wilhelmshaven.Stadt,K03405,9.25
2007,Wilhelmshaven.Stadt,K03405,0.0
2008,Wilhelmshaven.Stadt,K03405,0.0
2009,Wilhelmshaven.Stadt,K03405,1.06
2010,Wilhelmshaven.Stadt,K03405,1.23
2011,Wilhelmshaven.Stadt,K03405,1.41
2012,Wilhelmshaven.Stadt,K03405,1.29
2013,Wilhelmshaven.Stadt,K03405,1.27
2014,Wilhelmshaven.Stadt,K03405,1.29
2015,Wilhelmshaven.Stadt,K03405,1.2
2016,Wilhelmshaven.Stadt,K03405,1.26
2017,Wilhelmshaven.Stadt,K03405,1.36
2018,Wilhelmshaven.Stadt,K03405,1.52
1970,Ammerland,K03451,1.54
1971,Ammerland,K03451,1.55
1972,Ammerland,K03451,1.53
1973,Ammerland,K03451,1.55
1974,Ammerland,K03451,1.7
1975,Ammerland,K03451,2.03
1976,Ammerland,K03451,1.83
1977,Ammerland,K03451,1.98
1978,Ammerland,K03451,2.29
1979,Ammerland,K03451,2.71
1980,Ammerland,K03451,2.91
1981,Ammerland,K03451,3.48
1982,Ammerland,K03451,3.35
1983,Ammerland,K03451,3.44
1984,Ammerland,K03451,3.64
1985,Ammerland,K03451,3.74
1986,Ammerland,K03451,3.72
1987,Ammerland,K03451,3.53
1988,Ammerland,K03451,3.55
1989,Ammerland,K03451,3.44
1990,Ammerland,K03451,3.48
1991,Ammerland,K03451,3.54
1992,Ammerland,K03451,3.56
1993,Ammerland,K03451,3.44
1994,Ammerland,K03451,3.43
1995,Ammerland,K03451,3.44
1996,Ammerland,K03451,3.45
1997,Ammerland,K03451,3.41
1998,Ammerland,K03451,3.46
1999,Ammerland,K03451,3.5
2000,Ammerland,K03451,2.9
2001,Ammerland,K03451,3.15
2002,Ammerland,K03451,3.28
2003,Ammerland,K03451,3.64
2004,Ammerland,K03451,4.48
2005,Ammerland,K03451,5.31
2006,Ammerland,K03451,5.63
2007,Ammerland,K03451,5.96
2008,Ammerland,K03451,0.0
2009,Ammerland,K03451,0.0
2010,Ammerland,K03451,0.0
2011,Ammerland,K03451,0.0
2012,Ammerland,K03451,0.0
2013,Ammerland,K03451,0.0
2014,Ammerland,K03451,0.0
2015,Ammerland,K03451,0.0
2016,Ammerland,K03451,0.0
2017,Ammerland,K03451,0.0
2018,Ammerland,K03451,0.0
1970,Aurich,K03452,0.0
1971,Aurich,K03452,1.05
1972,Aurich,K03452,1.06
1973,Aurich,K03452,1.06
1974,Aurich,K03452,0.0
1975,Aurich,K03452,0.0
1976,Aurich,K03452,0.0
1977,Aurich,K03452,1.03
1978,Aurich,K03452,1.12
1979,Aurich,K03452,1.32
1980,Aurich,K03452,1.44
1981,Aurich,K03452,1.87
1982,Aurich,K03452,2.45
1983,Aurich,K03452,2.76
1984,Aurich,K03452,2.97
1985,Aurich,K03452,3.22
1986,Aurich,K03452,3.37
1987,Aurich,K03452,3.37
1988,Aurich,K03452,3.31
1989,Aurich,K03452,3.47
1990,Aurich,K03452,3.44
1991,Aurich,K03452,3.52
1992,Aurich,K03452,3.52
1993,Aurich,K03452,3.48
1994,Aurich,K03452,3.44
1995,Aurich,K03452,3.41
1996,Aurich,K03452,3.45
1997,Aurich,K03452,3.45
1998,Aurich,K03452,3.22
1999,Aurich,K03452,3.15
2000,Aurich,K03452,3.21
2001,Aurich,K03452,2.53
2002,Aurich,K03452,2.69
2003,Aurich,K03452,3.14
2004,Aurich,K03452,3.76
2005,Aurich,K03452,4.56
2006,Aurich,K03452,5.23
2007,Aurich,K03452,5.38
2008,Aurich,K03452,5.55
2009,Aurich,K03452,0.0
2010,Aurich,K03452,0.0
2011,Aurich,K03452,0.0
2012,Aurich,K03452,0.0
2013,Aurich,K03452,1.14
2014,Aurich,K03452,1.16
2015,Aurich,K03452,1.09
2016,Aurich,K03452,1.14
2017,Aurich,K03452,1.15
2018,Aurich,K03452,1.23
1970,Cloppenburg,K03453,1.37
1971,Cloppenburg,K03453,1.49
1972,Cloppenburg,K03453,1.57
1973,Cloppenburg,K03453,1.61
1974,Cloppenburg,K03453,1.63
1975,Cloppenburg,K03453,1.6
1976,Cloppenburg,K03453,1.62
1977,Cloppenburg,K03453,1.77
1978,Cloppenburg,K03453,1.4
1979,Cloppenburg,K03453,1.59
1980,Cloppenburg,K03453,1.85
1981,Cloppenburg,K03453,2.13
1982,Cloppenburg,K03453,2.56
1983,Cloppenburg,K03453,2.97
1984,Cloppenburg,K03453,3.18
1985,Cloppenburg,K03453,3.36
1986,Cloppenburg,K03453,3.69
1987,Cloppenburg,K03453,3.84
1988,Cloppenburg,K03453,4.04
1989,Cloppenburg,K03453,3.47
1990,Cloppenburg,K03453,3.72
1991,Cloppenburg,K03453,3.78
1992,Cloppenburg,K03453,3.88
1993,Cloppenburg,K03453,3.91
1994,Cloppenburg,K03453,4.08
1995,Cloppenburg,K03453,4.29
1996,Cloppenburg,K03453,4.54
1997,Cloppenburg,K03453,4.64
1998,Cloppenburg,K03453,4.84
1999,Cloppenburg,K03453,5.12
2000,Cloppenburg,K03453,5.27
2001,Cloppenburg,K03453,5.62
2002,Cloppenburg,K03453,5.22
2003,Cloppenburg,K03453,5.73
2004,Cloppenburg,K03453,6.02
2005,Cloppenburg,K03453,7.12
2006,Cloppenburg,K03453,8.49
2007,Cloppenburg,K03453,9.21
2008,Cloppenburg,K03453,1.0
2009,Cloppenburg,K03453,1.06
2010,Cloppenburg,K03453,0.0
2011,Cloppenburg,K03453,1.18
2012,Cloppenburg,K03453,1.25
2013,Cloppenburg,K03453,1.43
2014,Cloppenburg,K03453,1.64
2015,Cloppenburg,K03453,1.6
2016,Cloppenburg,K03453,1.6
2017,Cloppenburg,K03453,1.56
2018,Cloppenburg,K03453,1.57
1970,Emsland,K03454,1.62
1971,Emsland,K03454,1.75
1972,Emsland,K03454,1.9
1973,Emsland,K03454,1.98
1974,Emsland,K03454,2.0
1975,Emsland,K03454,2.01
1976,Emsland,K03454,2.0
1977,Emsland,K03454,2.14
1978,Emsland,K03454,2.31
1979,Emsland,K03454,1.86
1980,Emsland,K03454,2.13
1981,Emsland,K03454,2.45
1982,Emsland,K03454,2.88
1983,Emsland,K03454,3.37
1984,Emsland,K03454,4.14
1985,Emsland,K03454,4.24
1986,Emsland,K03454,4.37
1987,Emsland,K03454,4.62
1988,Emsland,K03454,4.71
1989,Emsland,K03454,4.71
1990,Emsland,K03454,4.26
1991,Emsland,K03454,4.32
1992,Emsland,K03454,4.29
1993,Emsland,K03454,4.43
1994,Emsland,K03454,4.63
1995,Emsland,K03454,4.85
1996,Emsland,K03454,5.06
1997,Emsland,K03454,5.24
1998,Emsland,K03454,5.71
1999,Emsland,K03454,6.14
2000,Emsland,K03454,6.36
2001,Emsland,K03454,6.47
2002,Emsland,K03454,6.73
2003,Emsland,K03454,5.8
2004,Emsland,K03454,6.39
2005,Emsland,K03454,6.86
2006,Emsland,K03454,7.56
2007,Emsland,K03454,8.93
2008,Emsland,K03454,9.7
2009,Emsland,K03454,1.03
2010,Emsland,K03454,1.09
2011,Emsland,K03454,0.0
2012,Emsland,K03454,1.93
2013,Emsland,K03454,1.71
2014,Emsland,K03454,1.67
2015,Emsland,K03454,2.27
2016,Emsland,K03454,2.27
2017,Emsland,K03454,2.14
2018,Emsland,K03454,1.93
1970,Friesland,K03455,1.91
1971,Friesland,K03455,2.02
1972,Friesland,K03455,2.37
1973,Friesland,K03455,2.57
1974,Friesland,K03455,2.43
1975,Friesland,K03455,2.34
1976,Friesland,K03455,2.23
1977,Friesland,K03455,2.27
1978,Friesland,K03455,2.4
1979,Friesland,K03455,2.69
1980,Friesland,K03455,1.87
1981,Friesland,K03455,2.01
1982,Friesland,K03455,2.3
1983,Friesland,K03455,2.69
1984,Friesland,K03455,2.94
1985,Friesland,K03455,3.43
1986,Friesland,K03455,3.47
1987,Friesland,K03455,3.5
1988,Friesland,K03455,3.56
1989,Friesland,K03455,3.68
1990,Friesland,K03455,3.71
1991,Friesland,K03455,3.53
1992,Friesland,K03455,3.52
1993,Friesland,K03455,3.43
1994,Friesland,K03455,3.41
1995,Friesland,K03455,3.34
1996,Friesland,K03455,3.34
1997,Friesland,K03455,3.28
1998,Friesland,K03455,3.23
1999,Friesland,K03455,3.26
2000,Friesland,K03455,3.23
2001,Friesland,K03455,3.16
2002,Friesland,K03455,3.17
2003,Friesland,K03455,3.12
2004,Friesland,K03455,2.22
2005,Friesland,K03455,2.2
2006,Friesland,K03455,2.34
2007,Friesland,K03455,2.57
2008,Friesland,K03455,3.56
2009,Friesland,K03455,4.29
2010,Friesland,K03455,4.25
2011,Friesland,K03455,4.24
2012,Friesland,K03455,0.0
2013,Friesland,K03455,5.22
2014,Friesland,K03455,5.79
2015,Friesland,K03455,6.35
2016,Friesland,K03455,6.93
2017,Friesland,K03455,7.0
2018,Friesland,K03455,6.96
1970,Grafschaft Bentheim,K03456,6.96
1971,Grafschaft Bentheim,K03456,6.81
1972,Grafschaft Bentheim,K03456,6.93
1973,Grafschaft Bentheim,K03456,6.93
1974,Grafschaft Bentheim,K03456,7.14
1975,Grafschaft Bentheim,K03456,7.2
1976,Grafschaft Bentheim,K03456,7.15
1977,Grafschaft Bentheim,K03456,7.05
1978,Grafschaft Bentheim,K03456,6.63
1979,Grafschaft Bentheim,K03456,6.72
1980,Grafschaft Bentheim,K03456,6.84
1981,Grafschaft Bentheim,K03456,5.99
1982,Grafschaft Bentheim,K03456,6.33
1983,Grafschaft Bentheim,K03456,6.76
1984,Grafschaft Bentheim,K03456,7.08
1985,Grafschaft Bentheim,K03456,7.37
1986,Grafschaft Bentheim,K03456,7.97
1987,Grafschaft Bentheim,K03456,8.01
1988,Grafschaft Bentheim,K03456,8.11
1989,Grafschaft Bentheim,K03456,8.29
1990,Grafschaft Bentheim,K03456,8.37
1991,Grafschaft Bentheim,K03456,8.41
1992,Grafschaft Bentheim,K03456,7.53
1993,Grafschaft Bentheim,K03456,7.68
1994,Grafschaft Bentheim,K03456,7.74
1995,Grafschaft Bentheim,K03456,8.29
1996,Grafschaft Bentheim,K03456,8.94
1997,Grafschaft Bentheim,K03456,9.54
1998,Grafschaft Bentheim,K03456,1.0
1999,Grafschaft Bentheim,K03456,1.05
2000,Grafschaft Bentheim,K03456,1.08
2001,Grafschaft Bentheim,K03456,1.12
2002,Grafschaft Bentheim,K03456,1.16
2003,Grafschaft Bentheim,K03456,1.18
2004,Grafschaft Bentheim,K03456,1.19
2005,Grafschaft Bentheim,K03456,1.09
2006,Grafschaft Bentheim,K03456,1.14
2007,Grafschaft Bentheim,K03456,1.17
2008,Grafschaft Bentheim,K03456,1.23
2009,Grafschaft Bentheim,K03456,1.34
2010,Grafschaft Bentheim,K03456,1.38
2011,Grafschaft Bentheim,K03456,1.41
2012,Grafschaft Bentheim,K03456,1.45
2013,Grafschaft Bentheim,K03456,0.0
2014,Grafschaft Bentheim,K03456,0.0
2015,Grafschaft Bentheim,K03456,1.02
2016,Grafschaft Bentheim,K03456,1.06
2017,Grafschaft Bentheim,K03456,1.22
2018,Grafschaft Bentheim,K03456,1.32
1970,Leer,K03457,1.37
1971,Leer,K03457,1.32
1972,Leer,K03457,1.31
1973,Leer,K03457,1.33
1974,Leer,K03457,1.37
1975,Leer,K03457,1.53
1976,Leer,K03457,1.55
1977,Leer,K03457,1.59
1978,Leer,K03457,1.6
1979,Leer,K03457,1.55
1980,Leer,K03457,1.68
1981,Leer,K03457,1.97
1982,Leer,K03457,1.5
1983,Leer,K03457,1.61
1984,Leer,K03457,1.77
1985,Leer,K03457,2.04
1986,Leer,K03457,2.48
1987,Leer,K03457,3.13
1988,Leer,K03457,3.23
1989,Leer,K03457,3.52
1990,Leer,K03457,3.95
1991,Leer,K03457,4.22
1992,Leer,K03457,4.39
1993,Leer,K03457,4.42
1994,Leer,K03457,4.53
1995,Leer,K03457,4.54
1996,Leer,K03457,4.73
1997,Leer,K03457,4.85
1998,Leer,K03457,4.93
1999,Leer,K03457,4.89
2000,Leer,K03457,5.13
2001,Leer,K03457,5.28
2002,Leer,K03457,5.46
2003,Leer,K03457,5.61
2004,Leer,K03457,5.76
2005,Leer,K03457,5.98
2006,Leer,K03457,4.81
2007,Leer,K03457,5.0
2008,Leer,K03457,5.31
2009,Leer,K03457,5.74
2010,Leer,K03457,6.67
2011,Leer,K03457,7.23
2012,Leer,K03457,7.46
2013,Leer,K03457,7.96
2014,Leer,K03457,0.0
2015,Leer,K03457,0.0
2016,Leer,K03457,0.0
2017,Leer,K03457,0.0
2018,Leer,K03457,1.26
1970,Oldenburg,K03458,1.25
1971,Oldenburg,K03458,1.23
1972,Oldenburg,K03458,1.16
1973,Oldenburg,K03458,1.11
1974,Oldenburg,K03458,1.2
1975,Oldenburg,K03458,1.32
1976,Oldenburg,K03458,1.49
1977,Oldenburg,K03458,1.54
1978,Oldenburg,K03458,1.57
1979,Oldenburg,K03458,1.56
1980,Oldenburg,K03458,1.64
1981,Oldenburg,K03458,1.86
1982,Oldenburg,K03458,1.97
1983,Oldenburg,K03458,1.65
1984,Oldenburg,K03458,1.87
1985,Oldenburg,K03458,2.03
1986,Oldenburg,K03458,2.23
1987,Oldenburg,K03458,2.57
1988,Oldenburg,K03458,3.09
1989,Oldenburg,K03458,3.34
1990,Oldenburg,K03458,3.6
1991,Oldenburg,K03458,4.01
1992,Oldenburg,K03458,4.08
1993,Oldenburg,K03458,4.12
1994,Oldenburg,K03458,3.91
1995,Oldenburg,K03458,3.98
1996,Oldenburg,K03458,4.01
1997,Oldenburg,K03458,4.09
1998,Oldenburg,K03458,4.18
1999,Oldenburg,K03458,4.22
2000,Oldenburg,K03458,4.28
2001,Oldenburg,K03458,4.27
2002,Oldenburg,K03458,4.34
2003,Oldenburg,K03458,4.34
2004,Oldenburg,K03458,4.37
2005,Oldenburg,K03458,4.68
2006,Oldenburg,K03458,5.25
2007,Oldenburg,K03458,4.37
2008,Oldenburg,K03458,4.53
2009,Oldenburg,K03458,4.94
2010,Oldenburg,K03458,5.69
2011,Oldenburg,K03458,7.01
2012,Oldenburg,K03458,7.76
2013,Oldenburg,K03458,8.06
2014,Oldenburg,K03458,8.31
2015,Oldenburg,K03458,0.0
2016,Oldenburg,K03458,1.56
2017,Oldenburg,K03458,1.91
2018,Oldenburg,K03458,2.26
1970,Osnabrück,K03459,2.68
1971,Osnabrück,K03459,2.84
1972,Osnabrück,K03459,2.82
1973,Osnabrück,K03459,2.83
1974,Osnabrück,K03459,2.89
1975,Osnabrück,K03459,3.04
1976,Osnabrück,K03459,3.28
1977,Osnabrück,K03459,3.58
1978,Osnabrück,K03459,3.67
1979,Osnabrück,K03459,3.54
1980,Osnabrück,K03459,3.42
1981,Osnabrück,K03459,3.17
1982,Osnabrück,K03459,3.21
1983,Osnabrück,K03459,3.31
1984,Osnabrück,K03459,2.81
1985,Osnabrück,K03459,3.18
1986,Osnabrück,K03459,2.1
1987,Osnabrück,K03459,0.0
1988,Osnabrück,K03459,0.0
1989,Osnabrück,K03459,0.0
1990,Osnabrück,K03459,0.0
1991,Osnabrück,K03459,0.0
1992,Osnabrück,K03459,5.25
1993,Osnabrück,K03459,5.28
1994,Osnabrück,K03459,5.3
1995,Osnabrück,K03459,4.93
1996,Osnabrück,K03459,4.93
1997,Osnabrück,K03459,4.75
1998,Osnabrück,K03459,4.93
1999,Osnabrück,K03459,4.68
2000,Osnabrück,K03459,4.96
2001,Osnabrück,K03459,4.97
2002,Osnabrück,K03459,4.98
2003,Osnabrück,K03459,4.94
2004,Osnabrück,K03459,4.97
2005,Osnabrück,K03459,5.02
2006,Osnabrück,K03459,5.08
2007,Osnabrück,K03459,5.16
2008,Osnabrück,K03459,4.67
2009,Osnabrück,K03459,4.9
2010,Osnabrück,K03459,5.29
2011,Osnabrück,K03459,5.72
2012,Osnabrück,K03459,7.78
2013,Osnabrück,K03459,7.24
2014,Osnabrück,K03459,7.71
2015,Osnabrück,K03459,8.16
2016,Osnabrück,K03459,0.0
2017,Osnabrück,K03459,0.0
2018,Osnabrück,K03459,1.31
1970,Vechta,K03460,1.69
1971,Vechta,K03460,2.14
1972,Vechta,K03460,2.09
1973,Vechta,K03460,2.17
1974,Vechta,K03460,2.28
1975,Vechta,K03460,2.32
1976,Vechta,K03460,2.43
1977,Vechta,K03460,2.77
1978,Vechta,K03460,3.05
1979,Vechta,K03460,3.26
1980,Vechta,K03460,3.27
1981,Vechta,K03460,3.18
1982,Vechta,K03460,3.12
1983,Vechta,K03460,3.3
1984,Vechta,K03460,3.43
1985,Vechta,K03460,2.99
1986,Vechta,K03460,3.33
1987,Vechta,K03460,3.68
1988,Vechta,K03460,4.18
1989,Vechta,K03460,4.76
1990,Vechta,K03460,5.65
1991,Vechta,K03460,5.78
1992,Vechta,K03460,6.17
1993,Vechta,K03460,6.68
1994,Vechta,K03460,7.0
1995,Vechta,K03460,7.14
1996,Vechta,K03460,6.59
1997,Vechta,K03460,6.83
1998,Vechta,K03460,7.07
1999,Vechta,K03460,7.16
2000,Vechta,K03460,7.32
2001,Vechta,K03460,7.31
2002,Vechta,K03460,7.48
2003,Vechta,K03460,7.48
2004,Vechta,K03460,7.51
2005,Vechta,K03460,7.83
2006,Vechta,K03460,7.65
2007,Vechta,K03460,7.9
2008,Vechta,K03460,8.16
2009,Vechta,K03460,6.62
2010,Vechta,K03460,6.92
2011,Vechta,K03460,7.25
2012,Vechta,K03460,8.32
2013,Vechta,K03460,9.76
2014,Vechta,K03460,1.1
2015,Vechta,K03460,1.16
2016,Vechta,K03460,1.24
2017,Vechta,K03460,0.0
2018,Vechta,K03460,1.72
1970,Wesermarsch,K03461,2.07
1971,Wesermarsch,K03461,2.28
1972,Wesermarsch,K03461,2.84
1973,Wesermarsch,K03461,3.17
1974,Wesermarsch,K03461,3.1
1975,Wesermarsch,K03461,2.97
1976,Wesermarsch,K03461,2.88
1977,Wesermarsch,K03461,2.92
1978,Wesermarsch,K03461,3.11
1979,Wesermarsch,K03461,3.5
1980,Wesermarsch,K03461,4.1
1981,Wesermarsch,K03461,4.06
1982,Wesermarsch,K03461,4.12
1983,Wesermarsch,K03461,3.59
1984,Wesermarsch,K03461,3.75
1985,Wesermarsch,K03461,4.08
1986,Wesermarsch,K03461,3.57
1987,Wesermarsch,K03461,3.99
1988,Wesermarsch,K03461,4.89
1989,Wesermarsch,K03461,5.61
1990,Wesermarsch,K03461,6.05
1991,Wesermarsch,K03461,6.82
1992,Wesermarsch,K03461,7.05
1993,Wesermarsch,K03461,7.13
1994,Wesermarsch,K03461,7.72
1995,Wesermarsch,K03461,7.74
1996,Wesermarsch,K03461,7.82
1997,Wesermarsch,K03461,6.56
1998,Wesermarsch,K03461,6.47
1999,Wesermarsch,K03461,6.21
2000,Wesermarsch,K03461,6.44
2001,Wesermarsch,K03461,6.44
2002,Wesermarsch,K03461,6.29
2003,Wesermarsch,K03461,6.23
2004,Wesermarsch,K03461,6.12
2005,Wesermarsch,K03461,6.14
2006,Wesermarsch,K03461,6.15
2007,Wesermarsch,K03461,6.18
2008,Wesermarsch,K03461,6.09
2009,Wesermarsch,K03461,6.19
2010,Wesermarsch,K03461,4.55
2011,Wesermarsch,K03461,4.67
2012,Wesermarsch,K03461,4.92
2013,Wesermarsch,K03461,5.4
2014,Wesermarsch,K03461,6.58
2015,Wesermarsch,K03461,7.33
2016,Wesermarsch,K03461,7.53
2017,Wesermarsch,K03461,7.82
2018,Wesermarsch,K03461,0.0
1970,Wittmund,K03462,0.0
1971,Wittmund,K03462,0.0
1972,Wittmund,K03462,0.0
1973,Wittmund,K03462,0.0
1974,Wittmund,K03462,0.0
1975,Wittmund,K03462,0.0
1976,Wittmund,K03462,0.0
1977,Wittmund,K03462,0.0
1978,Wittmund,K03462,0.0
1979,Wittmund,K03462,0.0
1980,Wittmund,K03462,1.11
1981,Wittmund,K03462,1.2
1982,Wittmund,K03462,1.26
1983,Wittmund,K03462,1.18
1984,Wittmund,K03462,1.23
1985,Wittmund,K03462,1.33
1986,Wittmund,K03462,1.5
1987,Wittmund,K03462,1.2
1988,Wittmund,K03462,1.41
1989,Wittmund,K03462,1.6
1990,Wittmund,K03462,1.53
1991,Wittmund,K03462,2.27
1992,Wittmund,K03462,2.85
1993,Wittmund,K03462,3.23
1994,Wittmund,K03462,3.47
1995,Wittmund,K03462,3.92
1996,Wittmund,K03462,4.02
1997,Wittmund,K03462,3.98
1998,Wittmund,K03462,3.93
1999,Wittmund,K03462,4.2
2000,Wittmund,K03462,4.07
2001,Wittmund,K03462,4.1
2002,Wittmund,K03462,4.0
2003,Wittmund,K03462,3.88
2004,Wittmund,K03462,3.87
2005,Wittmund,K03462,3.83
2006,Wittmund,K03462,3.68
2007,Wittmund,K03462,3.67
2008,Wittmund,K03462,3.58
2009,Wittmund,K03462,3.58
2010,Wittmund,K03462,3.69
2011,Wittmund,K03462,2.32
2012,Wittmund,K03462,2.37
2013,Wittmund,K03462,2.68
2014,Wittmund,K03462,3.16
2015,Wittmund,K03462,4.57
2016,Wittmund,K03462,4.23
2017,Wittmund,K03462,4.34
2018,Wittmund,K03462,4.49
