Year,Gebietseinheit,Kategorie,GeoCode,Value
2011,Niedersachsen,Gebäude,K030,2152080
2012,Niedersachsen,Gebäude,K030,2164783
2013,Niedersachsen,Gebäude,K030,2178181
2014,Niedersachsen,Gebäude,K030,2192538
2015,Niedersachsen,Gebäude,K030,2206422
2016,Niedersachsen,Gebäude,K030,2222120
2017,Niedersachsen,Gebäude,K030,2236433
2018,Niedersachsen,Gebäude,K030,2250210
2019,Niedersachsen,Gebäude,K030,2264496
2011,Braunschweig,Gebäude,K031,400642
2012,Braunschweig,Gebäude,K031,402195
2013,Braunschweig,Gebäude,K031,403776
2014,Braunschweig,Gebäude,K031,405515
2015,Braunschweig,Gebäude,K031,407261
2016,Braunschweig,Gebäude,K031,409394
2017,Braunschweig,Gebäude,K031,411460
2018,Braunschweig,Gebäude,K031,413273
2019,Braunschweig,Gebäude,K031,415284
2011,Braunschweig Stadt,Gebäude,K03101,41057
2012,Braunschweig Stadt,Gebäude,K03101,41277
2013,Braunschweig Stadt,Gebäude,K03101,41430
2014,Braunschweig Stadt,Gebäude,K03101,41569
2015,Braunschweig Stadt,Gebäude,K03101,41714
2016,Braunschweig Stadt,Gebäude,K03101,41848
2017,Braunschweig Stadt,Gebäude,K03101,41913
2018,Braunschweig Stadt,Gebäude,K03101,42041
2019,Braunschweig Stadt,Gebäude,K03101,42196
2011,Salzgitter.Stadt,Gebäude,K03102,22855
2012,Salzgitter.Stadt,Gebäude,K03102,22915
2013,Salzgitter.Stadt,Gebäude,K03102,22992
2014,Salzgitter.Stadt,Gebäude,K03102,23039
2015,Salzgitter.Stadt,Gebäude,K03102,23082
2016,Salzgitter.Stadt,Gebäude,K03102,23143
2017,Salzgitter.Stadt,Gebäude,K03102,23219
2018,Salzgitter.Stadt,Gebäude,K03102,23267
2019,Salzgitter.Stadt,Gebäude,K03102,23323
2011,Wolfsburg.Stadt,Gebäude,K03103,25930
2012,Wolfsburg.Stadt,Gebäude,K03103,26146
2013,Wolfsburg.Stadt,Gebäude,K03103,26254
2014,Wolfsburg.Stadt,Gebäude,K03103,26395
2015,Wolfsburg.Stadt,Gebäude,K03103,26505
2016,Wolfsburg.Stadt,Gebäude,K03103,26754
2017,Wolfsburg.Stadt,Gebäude,K03103,26923
2018,Wolfsburg.Stadt,Gebäude,K03103,26999
2019,Wolfsburg.Stadt,Gebäude,K03103,27053
2011,Gifhorn,Gebäude,K03151,52601
2012,Gifhorn,Gebäude,K03151,52930
2013,Gifhorn,Gebäude,K03151,53386
2014,Gifhorn,Gebäude,K03151,53876
2015,Gifhorn,Gebäude,K03151,54349
2016,Gifhorn,Gebäude,K03151,54853
2017,Gifhorn,Gebäude,K03151,55475
2018,Gifhorn,Gebäude,K03151,55961
2019,Gifhorn,Gebäude,K03151,56460
2011,Goslar,Gebäude,K03153,37985
2012,Goslar,Gebäude,K03153,38014
2013,Goslar,Gebäude,K03153,38059
2014,Goslar,Gebäude,K03153,38121
2015,Goslar,Gebäude,K03153,38162
2016,Goslar,Gebäude,K03153,38221
2017,Goslar,Gebäude,K03153,38281
2018,Goslar,Gebäude,K03153,38320
2019,Goslar,Gebäude,K03153,38416
2011,Helmstedt,Gebäude,K03154,28075
2012,Helmstedt,Gebäude,K03154,28120
2013,Helmstedt,Gebäude,K03154,28200
2014,Helmstedt,Gebäude,K03154,28351
2015,Helmstedt,Gebäude,K03154,28469
2016,Helmstedt,Gebäude,K03154,28674
2017,Helmstedt,Gebäude,K03154,28859
2018,Helmstedt,Gebäude,K03154,29071
2019,Helmstedt,Gebäude,K03154,29245
2011,Northeim,Gebäude,K03155,39174
2012,Northeim,Gebäude,K03155,39246
2013,Northeim,Gebäude,K03155,39295
2014,Northeim,Gebäude,K03155,39364
2015,Northeim,Gebäude,K03155,39428
2016,Northeim,Gebäude,K03155,39533
2017,Northeim,Gebäude,K03155,39636
2018,Northeim,Gebäude,K03155,39777
2019,Northeim,Gebäude,K03155,39880
2011,Peine,Gebäude,K03157,39008
2012,Peine,Gebäude,K03157,39213
2013,Peine,Gebäude,K03157,39432
2014,Peine,Gebäude,K03157,39679
2015,Peine,Gebäude,K03157,40014
2016,Peine,Gebäude,K03157,40380
2017,Peine,Gebäude,K03157,40745
2018,Peine,Gebäude,K03157,41060
2019,Peine,Gebäude,K03157,41513
2011,Wolfenbüttel,Gebäude,K03158,34277
2012,Wolfenbüttel,Gebäude,K03158,34429
2013,Wolfenbüttel,Gebäude,K03158,34563
2014,Wolfenbüttel,Gebäude,K03158,34728
2015,Wolfenbüttel,Gebäude,K03158,34940
2016,Wolfenbüttel,Gebäude,K03158,35090
2017,Wolfenbüttel,Gebäude,K03158,35258
2018,Wolfenbüttel,Gebäude,K03158,35386
2019,Wolfenbüttel,Gebäude,K03158,35537
2011,Göttingen,Gebäude,K03159,79680
2012,Göttingen,Gebäude,K03159,79905
2013,Göttingen,Gebäude,K03159,80165
2014,Göttingen,Gebäude,K03159,80393
2015,Göttingen,Gebäude,K03159,80598
2016,Göttingen,Gebäude,K03159,80898
2017,Göttingen,Gebäude,K03159,81151
2018,Göttingen,Gebäude,K03159,81391
2019,Göttingen,Gebäude,K03159,81661
2011,Hannover,Gebäude,K032,500637
2012,Hannover,Gebäude,K032,502995
2013,Hannover,Gebäude,K032,505143
2014,Hannover,Gebäude,K032,507381
2015,Hannover,Gebäude,K032,509944
2016,Hannover,Gebäude,K032,512428
2017,Hannover,Gebäude,K032,514777
2018,Hannover,Gebäude,K032,517239
2019,Hannover,Gebäude,K032,519660
2011,Hannover Region,Gebäude,K03241,220685
2012,Hannover Region,Gebäude,K03241,222108
2013,Hannover Region,Gebäude,K03241,223246
2014,Hannover Region,Gebäude,K03241,224459
2015,Hannover Region,Gebäude,K03241,225828
2016,Hannover Region,Gebäude,K03241,227033
2017,Hannover Region,Gebäude,K03241,228209
2018,Hannover Region,Gebäude,K03241,229279
2019,Hannover Region,Gebäude,K03241,230412
2011,Hannover Landeshauptstadt,Gebäude,K03241001,65835
2012,Hannover Landeshauptstadt,Gebäude,K03241001,66234
2013,Hannover Landeshauptstadt,Gebäude,K03241001,66465
2014,Hannover Landeshauptstadt,Gebäude,K03241001,66747
2015,Hannover Landeshauptstadt,Gebäude,K03241001,67159
2016,Hannover Landeshauptstadt,Gebäude,K03241001,67378
2017,Hannover Landeshauptstadt,Gebäude,K03241001,67623
2018,Hannover Landeshauptstadt,Gebäude,K03241001,67805
2019,Hannover Landeshauptstadt,Gebäude,K03241001,67995
2011,Diepholz,Gebäude,K03251,65429
2012,Diepholz,Gebäude,K03251,65758
2013,Diepholz,Gebäude,K03251,66150
2014,Diepholz,Gebäude,K03251,66542
2015,Diepholz,Gebäude,K03251,66980
2016,Diepholz,Gebäude,K03251,67419
2017,Diepholz,Gebäude,K03251,67821
2018,Diepholz,Gebäude,K03251,68241
2019,Diepholz,Gebäude,K03251,68609
2011,Hameln-Pyrmont,Gebäude,K03252,40902
2012,Hameln-Pyrmont,Gebäude,K03252,40992
2013,Hameln-Pyrmont,Gebäude,K03252,41090
2014,Hameln-Pyrmont,Gebäude,K03252,41160
2015,Hameln-Pyrmont,Gebäude,K03252,41234
2016,Hameln-Pyrmont,Gebäude,K03252,41325
2017,Hameln-Pyrmont,Gebäude,K03252,41422
2018,Hameln-Pyrmont,Gebäude,K03252,41521
2019,Hameln-Pyrmont,Gebäude,K03252,41621
2011,Hildesheim,Gebäude,K03254,71851
2012,Hildesheim,Gebäude,K03254,72035
2013,Hildesheim,Gebäude,K03254,72273
2014,Hildesheim,Gebäude,K03254,72486
2015,Hildesheim,Gebäude,K03254,72750
2016,Hildesheim,Gebäude,K03254,73041
2017,Hildesheim,Gebäude,K03254,73287
2018,Hildesheim,Gebäude,K03254,73579
2019,Hildesheim,Gebäude,K03254,73900
2011,Holzminden,Gebäude,K03255,22130
2012,Holzminden,Gebäude,K03255,22171
2013,Holzminden,Gebäude,K03255,22181
2014,Holzminden,Gebäude,K03255,22199
2015,Holzminden,Gebäude,K03255,22257
2016,Holzminden,Gebäude,K03255,22293
2017,Holzminden,Gebäude,K03255,22315
2018,Holzminden,Gebäude,K03255,22360
2019,Holzminden,Gebäude,K03255,22399
2011,Nienburg (Weser),Gebäude,K03256,36093
2012,Nienburg (Weser),Gebäude,K03256,36231
2013,Nienburg (Weser),Gebäude,K03256,36360
2014,Nienburg (Weser),Gebäude,K03256,36531
2015,Nienburg (Weser),Gebäude,K03256,36702
2016,Nienburg (Weser),Gebäude,K03256,36964
2017,Nienburg (Weser),Gebäude,K03256,37139
2018,Nienburg (Weser),Gebäude,K03256,37396
2019,Nienburg (Weser),Gebäude,K03256,37613
2011,Schaumburg,Gebäude,K03257,43547
2012,Schaumburg,Gebäude,K03257,43700
2013,Schaumburg,Gebäude,K03257,43843
2014,Schaumburg,Gebäude,K03257,44004
2015,Schaumburg,Gebäude,K03257,44193
2016,Schaumburg,Gebäude,K03257,44353
2017,Schaumburg,Gebäude,K03257,44584
2018,Schaumburg,Gebäude,K03257,44863
2019,Schaumburg,Gebäude,K03257,45106
2011,Lüneburg,Gebäude,K033,520558
2012,Lüneburg,Gebäude,K033,523661
2013,Lüneburg,Gebäude,K033,527090
2014,Lüneburg,Gebäude,K033,530715
2015,Lüneburg,Gebäude,K033,534050
2016,Lüneburg,Gebäude,K033,538444
2017,Lüneburg,Gebäude,K033,542099
2018,Lüneburg,Gebäude,K033,545520
2019,Lüneburg,Gebäude,K033,549148
2011,Celle,Gebäude,K03351,55580
2012,Celle,Gebäude,K03351,55778
2013,Celle,Gebäude,K03351,55982
2014,Celle,Gebäude,K03351,56267
2015,Celle,Gebäude,K03351,56513
2016,Celle,Gebäude,K03351,56906
2017,Celle,Gebäude,K03351,57156
2018,Celle,Gebäude,K03351,57515
2019,Celle,Gebäude,K03351,57882
2011,Cuxhaven,Gebäude,K03352,64887
2012,Cuxhaven,Gebäude,K03352,65216
2013,Cuxhaven,Gebäude,K03352,65602
2014,Cuxhaven,Gebäude,K03352,65971
2015,Cuxhaven,Gebäude,K03352,66305
2016,Cuxhaven,Gebäude,K03352,66746
2017,Cuxhaven,Gebäude,K03352,67153
2018,Cuxhaven,Gebäude,K03352,67517
2019,Cuxhaven,Gebäude,K03352,68033
2011,Harburg,Gebäude,K03353,75373
2012,Harburg,Gebäude,K03353,76062
2013,Harburg,Gebäude,K03353,76819
2014,Harburg,Gebäude,K03353,77530
2015,Harburg,Gebäude,K03353,78138
2016,Harburg,Gebäude,K03353,78998
2017,Harburg,Gebäude,K03353,79649
2018,Harburg,Gebäude,K03353,80131
2019,Harburg,Gebäude,K03353,80729
2011,Lüchow-Dannenberg,Gebäude,K03354,17894
2012,Lüchow-Dannenberg,Gebäude,K03354,17927
2013,Lüchow-Dannenberg,Gebäude,K03354,17968
2014,Lüchow-Dannenberg,Gebäude,K03354,18027
2015,Lüchow-Dannenberg,Gebäude,K03354,18074
2016,Lüchow-Dannenberg,Gebäude,K03354,18171
2017,Lüchow-Dannenberg,Gebäude,K03354,18200
2018,Lüchow-Dannenberg,Gebäude,K03354,18256
2019,Lüchow-Dannenberg,Gebäude,K03354,18328
2011,Lüneburg,Gebäude,K03355,47970
2012,Lüneburg,Gebäude,K03355,48366
2013,Lüneburg,Gebäude,K03355,48810
2014,Lüneburg,Gebäude,K03355,49146
2015,Lüneburg,Gebäude,K03355,49447
2016,Lüneburg,Gebäude,K03355,49883
2017,Lüneburg,Gebäude,K03355,50264
2018,Lüneburg,Gebäude,K03355,50535
2019,Lüneburg,Gebäude,K03355,50566
2011,Osterholz,Gebäude,K03356,35927
2012,Osterholz,Gebäude,K03356,36179
2013,Osterholz,Gebäude,K03356,36357
2014,Osterholz,Gebäude,K03356,36614
2015,Osterholz,Gebäude,K03356,36856
2016,Osterholz,Gebäude,K03356,37082
2017,Osterholz,Gebäude,K03356,37364
2018,Osterholz,Gebäude,K03356,37642
2019,Osterholz,Gebäude,K03356,37996
2011,Rotenburg (Wümme),Gebäude,K03357,52191
2012,Rotenburg (Wümme),Gebäude,K03357,52455
2013,Rotenburg (Wümme),Gebäude,K03357,52696
2014,Rotenburg (Wümme),Gebäude,K03357,53069
2015,Rotenburg (Wümme),Gebäude,K03357,53402
2016,Rotenburg (Wümme),Gebäude,K03357,53855
2017,Rotenburg (Wümme),Gebäude,K03357,54293
2018,Rotenburg (Wümme),Gebäude,K03357,54706
2019,Rotenburg (Wümme),Gebäude,K03357,55137
2011,Heidekreis,Gebäude,K03358,41845
2012,Heidekreis,Gebäude,K03358,41977
2013,Heidekreis,Gebäude,K03358,42125
2014,Heidekreis,Gebäude,K03358,42333
2015,Heidekreis,Gebäude,K03358,42500
2016,Heidekreis,Gebäude,K03358,42802
2017,Heidekreis,Gebäude,K03358,43016
2018,Heidekreis,Gebäude,K03358,43240
2019,Heidekreis,Gebäude,K03358,43437
2011,Stade,Gebäude,K03359,59228
2012,Stade,Gebäude,K03359,59698
2013,Stade,Gebäude,K03359,60288
2014,Stade,Gebäude,K03359,60892
2015,Stade,Gebäude,K03359,61490
2016,Stade,Gebäude,K03359,62166
2017,Stade,Gebäude,K03359,62733
2018,Stade,Gebäude,K03359,63387
2019,Stade,Gebäude,K03359,63967
2011,Uelzen,Gebäude,K03360,29475
2012,Uelzen,Gebäude,K03360,29550
2013,Uelzen,Gebäude,K03360,29615
2014,Uelzen,Gebäude,K03360,29723
2015,Uelzen,Gebäude,K03360,29800
2016,Uelzen,Gebäude,K03360,29939
2017,Uelzen,Gebäude,K03360,30041
2018,Uelzen,Gebäude,K03360,30125
2019,Uelzen,Gebäude,K03360,30256
2011,Verden,Gebäude,K03361,40188
2012,Verden,Gebäude,K03361,40453
2013,Verden,Gebäude,K03361,40828
2014,Verden,Gebäude,K03361,41143
2015,Verden,Gebäude,K03361,41525
2016,Verden,Gebäude,K03361,41896
2017,Verden,Gebäude,K03361,42230
2018,Verden,Gebäude,K03361,42466
2019,Verden,Gebäude,K03361,42817
2011,Weser-Ems,Gebäude,K034,730243
2012,Weser-Ems,Gebäude,K034,735932
2013,Weser-Ems,Gebäude,K034,742172
2014,Weser-Ems,Gebäude,K034,748927
2015,Weser-Ems,Gebäude,K034,755167
2016,Weser-Ems,Gebäude,K034,761854
2017,Weser-Ems,Gebäude,K034,768097
2018,Weser-Ems,Gebäude,K034,774178
2019,Weser-Ems,Gebäude,K034,780404
2011,Delmenhorst.Stadt,Gebäude,K03401,20801
2012,Delmenhorst.Stadt,Gebäude,K03401,20921
2013,Delmenhorst.Stadt,Gebäude,K03401,21008
2014,Delmenhorst.Stadt,Gebäude,K03401,21107
2015,Delmenhorst.Stadt,Gebäude,K03401,21179
2016,Delmenhorst.Stadt,Gebäude,K03401,21252
2017,Delmenhorst.Stadt,Gebäude,K03401,21315
2018,Delmenhorst.Stadt,Gebäude,K03401,21390
2019,Delmenhorst.Stadt,Gebäude,K03401,21457
2011,Emden Stadt,Gebäude,K03402,14583
2012,Emden Stadt,Gebäude,K03402,14663
2013,Emden Stadt,Gebäude,K03402,14725
2014,Emden Stadt,Gebäude,K03402,14826
2015,Emden Stadt,Gebäude,K03402,14862
2016,Emden Stadt,Gebäude,K03402,14899
2017,Emden Stadt,Gebäude,K03402,14947
2018,Emden Stadt,Gebäude,K03402,14986
2019,Emden Stadt,Gebäude,K03402,14991
2011,Oldenburg (Oldb) Stadt,Gebäude,K03403,42029
2012,Oldenburg (Oldb) Stadt,Gebäude,K03403,42505
2013,Oldenburg (Oldb) Stadt,Gebäude,K03403,42901
2014,Oldenburg (Oldb) Stadt,Gebäude,K03403,43163
2015,Oldenburg (Oldb) Stadt,Gebäude,K03403,43487
2016,Oldenburg (Oldb) Stadt,Gebäude,K03403,43813
2017,Oldenburg (Oldb) Stadt,Gebäude,K03403,44071
2018,Oldenburg (Oldb) Stadt,Gebäude,K03403,44383
2019,Oldenburg (Oldb) Stadt,Gebäude,K03403,44727
2011,Osnabrück Stadt,Gebäude,K03404,30776
2012,Osnabrück Stadt,Gebäude,K03404,30963
2013,Osnabrück Stadt,Gebäude,K03404,31188
2014,Osnabrück Stadt,Gebäude,K03404,31376
2015,Osnabrück Stadt,Gebäude,K03404,31563
2016,Osnabrück Stadt,Gebäude,K03404,31740
2017,Osnabrück Stadt,Gebäude,K03404,31868
2018,Osnabrück Stadt,Gebäude,K03404,31979
2019,Osnabrück Stadt,Gebäude,K03404,32028
2011,Wilhelmshaven Stadt,Gebäude,K03405,17072
2012,Wilhelmshaven Stadt,Gebäude,K03405,17106
2013,Wilhelmshaven Stadt,Gebäude,K03405,17127
2014,Wilhelmshaven Stadt,Gebäude,K03405,17190
2015,Wilhelmshaven Stadt,Gebäude,K03405,17225
2016,Wilhelmshaven Stadt,Gebäude,K03405,17290
2017,Wilhelmshaven Stadt,Gebäude,K03405,17348
2018,Wilhelmshaven Stadt,Gebäude,K03405,17398
2019,Wilhelmshaven Stadt,Gebäude,K03405,17430
2011,Ammerland,Gebäude,K03451,39648
2012,Ammerland,Gebäude,K03451,40073
2013,Ammerland,Gebäude,K03451,40573
2014,Ammerland,Gebäude,K03451,41020
2015,Ammerland,Gebäude,K03451,41369
2016,Ammerland,Gebäude,K03451,41760
2017,Ammerland,Gebäude,K03451,42111
2018,Ammerland,Gebäude,K03451,42476
2019,Ammerland,Gebäude,K03451,42950
2011,Aurich,Gebäude,K03452,71223
2012,Aurich,Gebäude,K03452,71664
2013,Aurich,Gebäude,K03452,72190
2014,Aurich,Gebäude,K03452,72710
2015,Aurich,Gebäude,K03452,73182
2016,Aurich,Gebäude,K03452,73659
2017,Aurich,Gebäude,K03452,74153
2018,Aurich,Gebäude,K03452,74468
2019,Aurich,Gebäude,K03452,74942
2011,Cloppenburg,Gebäude,K03453,44727
2012,Cloppenburg,Gebäude,K03453,45239
2013,Cloppenburg,Gebäude,K03453,45822
2014,Cloppenburg,Gebäude,K03453,46514
2015,Cloppenburg,Gebäude,K03453,47102
2016,Cloppenburg,Gebäude,K03453,47813
2017,Cloppenburg,Gebäude,K03453,48536
2018,Cloppenburg,Gebäude,K03453,49252
2019,Cloppenburg,Gebäude,K03453,49922
2011,Emsland,Gebäude,K03454,93058
2012,Emsland,Gebäude,K03454,94128
2013,Emsland,Gebäude,K03454,95304
2014,Emsland,Gebäude,K03454,96613
2015,Emsland,Gebäude,K03454,97770
2016,Emsland,Gebäude,K03454,98927
2017,Emsland,Gebäude,K03454,100074
2018,Emsland,Gebäude,K03454,101137
2019,Emsland,Gebäude,K03454,102305
2011,Friesland,Gebäude,K03455,36013
2012,Friesland,Gebäude,K03455,36183
2013,Friesland,Gebäude,K03455,36360
2014,Friesland,Gebäude,K03455,36652
2015,Friesland,Gebäude,K03455,36888
2016,Friesland,Gebäude,K03455,37215
2017,Friesland,Gebäude,K03455,37504
2018,Friesland,Gebäude,K03455,37812
2019,Friesland,Gebäude,K03455,38050
2011,Grafschaft Bentheim,Gebäude,K03456,41830
2012,Grafschaft Bentheim,Gebäude,K03456,42090
2013,Grafschaft Bentheim,Gebäude,K03456,42475
2014,Grafschaft Bentheim,Gebäude,K03456,42914
2015,Grafschaft Bentheim,Gebäude,K03456,43330
2016,Grafschaft Bentheim,Gebäude,K03456,43667
2017,Grafschaft Bentheim,Gebäude,K03456,44079
2018,Grafschaft Bentheim,Gebäude,K03456,44400
2019,Grafschaft Bentheim,Gebäude,K03456,44721
2011,Leer,Gebäude,K03457,58191
2012,Leer,Gebäude,K03457,58589
2013,Leer,Gebäude,K03457,59201
2014,Leer,Gebäude,K03457,59741
2015,Leer,Gebäude,K03457,60328
2016,Leer,Gebäude,K03457,60942
2017,Leer,Gebäude,K03457,61503
2018,Leer,Gebäude,K03457,61948
2019,Leer,Gebäude,K03457,62390
2011,Oldenburg,Gebäude,K03458,40624
2012,Oldenburg,Gebäude,K03458,40816
2013,Oldenburg,Gebäude,K03458,40997
2014,Oldenburg,Gebäude,K03458,41216
2015,Oldenburg,Gebäude,K03458,41567
2016,Oldenburg,Gebäude,K03458,41880
2017,Oldenburg,Gebäude,K03458,42162
2018,Oldenburg,Gebäude,K03458,42488
2019,Oldenburg,Gebäude,K03458,42814
2011,Osnabrück,Gebäude,K03459,91150
2012,Osnabrück,Gebäude,K03459,91775
2013,Osnabrück,Gebäude,K03459,92328
2014,Osnabrück,Gebäude,K03459,93100
2015,Osnabrück,Gebäude,K03459,93858
2016,Osnabrück,Gebäude,K03459,94581
2017,Osnabrück,Gebäude,K03459,95249
2018,Osnabrück,Gebäude,K03459,95970
2019,Osnabrück,Gebäude,K03459,96701
2011,Vechta,Gebäude,K03460,37464
2012,Vechta,Gebäude,K03460,37958
2013,Vechta,Gebäude,K03460,38491
2014,Vechta,Gebäude,K03460,39021
2015,Vechta,Gebäude,K03460,39438
2016,Vechta,Gebäude,K03460,40008
2017,Vechta,Gebäude,K03460,40491
2018,Vechta,Gebäude,K03460,41098
2019,Vechta,Gebäude,K03460,41652
2011,Wesermarsch,Gebäude,K03461,30034
2012,Wesermarsch,Gebäude,K03461,30114
2013,Wesermarsch,Gebäude,K03461,30213
2014,Wesermarsch,Gebäude,K03461,30311
2015,Wesermarsch,Gebäude,K03461,30392
2016,Wesermarsch,Gebäude,K03461,30540
2017,Wesermarsch,Gebäude,K03461,30652
2018,Wesermarsch,Gebäude,K03461,30806
2019,Wesermarsch,Gebäude,K03461,30959
2011,Wittmund,Gebäude,K03462,21020
2012,Wittmund,Gebäude,K03462,21145
2013,Wittmund,Gebäude,K03462,21269
2014,Wittmund,Gebäude,K03462,21453
2015,Wittmund,Gebäude,K03462,21627
2016,Wittmund,Gebäude,K03462,21868
2017,Wittmund,Gebäude,K03462,22034
2018,Wittmund,Gebäude,K03462,22187
2019,Wittmund,Gebäude,K03462,22365
2011,Niedersachsen,Wohnungen,K030,3684409
2012,Niedersachsen,Wohnungen,K030,3703947
2013,Niedersachsen,Wohnungen,K030,3726268
2014,Niedersachsen,Wohnungen,K030,3751245
2015,Niedersachsen,Wohnungen,K030,3776334
2016,Niedersachsen,Wohnungen,K030,3805307
2017,Niedersachsen,Wohnungen,K030,3833544
2018,Niedersachsen,Wohnungen,K030,3860422
2019,Niedersachsen,Wohnungen,K030,3888405
2011,Braunschweig,Wohnungen,K031,794405
2012,Braunschweig,Wohnungen,K031,796193
2013,Braunschweig,Wohnungen,K031,798560
2014,Braunschweig,Wohnungen,K031,801435
2015,Braunschweig,Wohnungen,K031,804461
2016,Braunschweig,Wohnungen,K031,808305
2017,Braunschweig,Wohnungen,K031,812317
2018,Braunschweig,Wohnungen,K031,815899
2019,Braunschweig,Wohnungen,K031,819908
2011,Braunschweig Stadt,Wohnungen,K03101,132222
2012,Braunschweig Stadt,Wohnungen,K03101,132708
2013,Braunschweig Stadt,Wohnungen,K03101,133043
2014,Braunschweig Stadt,Wohnungen,K03101,133382
2015,Braunschweig Stadt,Wohnungen,K03101,133786
2016,Braunschweig Stadt,Wohnungen,K03101,134205
2017,Braunschweig Stadt,Wohnungen,K03101,134505
2018,Braunschweig Stadt,Wohnungen,K03101,135134
2019,Braunschweig Stadt,Wohnungen,K03101,135613
2011,Salzgitter.Stadt,Wohnungen,K03102,53868
2012,Salzgitter.Stadt,Wohnungen,K03102,53928
2013,Salzgitter.Stadt,Wohnungen,K03102,54036
2014,Salzgitter.Stadt,Wohnungen,K03102,54092
2015,Salzgitter.Stadt,Wohnungen,K03102,54149
2016,Salzgitter.Stadt,Wohnungen,K03102,54228
2017,Salzgitter.Stadt,Wohnungen,K03102,54346
2018,Salzgitter.Stadt,Wohnungen,K03102,54426
2019,Salzgitter.Stadt,Wohnungen,K03102,54536
2011,Wolfsburg.Stadt,Wohnungen,K03103,62551
2012,Wolfsburg.Stadt,Wohnungen,K03103,62511
2013,Wolfsburg.Stadt,Wohnungen,K03103,62702
2014,Wolfsburg.Stadt,Wohnungen,K03103,63088
2015,Wolfsburg.Stadt,Wohnungen,K03103,63304
2016,Wolfsburg.Stadt,Wohnungen,K03103,63955
2017,Wolfsburg.Stadt,Wohnungen,K03103,64394
2018,Wolfsburg.Stadt,Wohnungen,K03103,64617
2019,Wolfsburg.Stadt,Wohnungen,K03103,65002
2011,Gifhorn,Wohnungen,K03151,73640
2012,Gifhorn,Wohnungen,K03151,74044
2013,Gifhorn,Wohnungen,K03151,74651
2014,Gifhorn,Wohnungen,K03151,75375
2015,Gifhorn,Wohnungen,K03151,76064
2016,Gifhorn,Wohnungen,K03151,76790
2017,Gifhorn,Wohnungen,K03151,77806
2018,Gifhorn,Wohnungen,K03151,78622
2019,Gifhorn,Wohnungen,K03151,79446
2011,Goslar,Wohnungen,K03153,76802
2012,Goslar,Wohnungen,K03153,76828
2013,Goslar,Wohnungen,K03153,76897
2014,Goslar,Wohnungen,K03153,76986
2015,Goslar,Wohnungen,K03153,77059
2016,Goslar,Wohnungen,K03153,77179
2017,Goslar,Wohnungen,K03153,77324
2018,Goslar,Wohnungen,K03153,77388
2019,Goslar,Wohnungen,K03153,77554
2011,Helmstedt,Wohnungen,K03154,45668
2012,Helmstedt,Wohnungen,K03154,45715
2013,Helmstedt,Wohnungen,K03154,45815
2014,Helmstedt,Wohnungen,K03154,45997
2015,Helmstedt,Wohnungen,K03154,46130
2016,Helmstedt,Wohnungen,K03154,46367
2017,Helmstedt,Wohnungen,K03154,46617
2018,Helmstedt,Wohnungen,K03154,46904
2019,Helmstedt,Wohnungen,K03154,47171
2011,Northeim,Wohnungen,K03155,65955
2012,Northeim,Wohnungen,K03155,66040
2013,Northeim,Wohnungen,K03155,66106
2014,Northeim,Wohnungen,K03155,66198
2015,Northeim,Wohnungen,K03155,66295
2016,Northeim,Wohnungen,K03155,66413
2017,Northeim,Wohnungen,K03155,66636
2018,Northeim,Wohnungen,K03155,66837
2019,Northeim,Wohnungen,K03155,67052
2011,Peine,Wohnungen,K03157,59279
2012,Peine,Wohnungen,K03157,59544
2013,Peine,Wohnungen,K03157,59844
2014,Peine,Wohnungen,K03157,60136
2015,Peine,Wohnungen,K03157,60677
2016,Peine,Wohnungen,K03157,61146
2017,Peine,Wohnungen,K03157,61831
2018,Peine,Wohnungen,K03157,62351
2019,Peine,Wohnungen,K03157,63019
2011,Wolfenbüttel,Wohnungen,K03158,58216
2012,Wolfenbüttel,Wohnungen,K03158,58381
2013,Wolfenbüttel,Wohnungen,K03158,58551
2014,Wolfenbüttel,Wohnungen,K03158,58767
2015,Wolfenbüttel,Wohnungen,K03158,59076
2016,Wolfenbüttel,Wohnungen,K03158,59451
2017,Wolfenbüttel,Wohnungen,K03158,59646
2018,Wolfenbüttel,Wohnungen,K03158,59903
2019,Wolfenbüttel,Wohnungen,K03158,60222
2011,Göttingen,Wohnungen,K03159,166204
2012,Göttingen,Wohnungen,K03159,166494
2013,Göttingen,Wohnungen,K03159,166915
2014,Göttingen,Wohnungen,K03159,167414
2015,Göttingen,Wohnungen,K03159,167921
2016,Göttingen,Wohnungen,K03159,168571
2017,Göttingen,Wohnungen,K03159,169212
2018,Göttingen,Wohnungen,K03159,169717
2019,Göttingen,Wohnungen,K03159,170293
2011,Hannover,Wohnungen,K032,1034559
2012,Hannover,Wohnungen,K032,1038699
2013,Hannover,Wohnungen,K032,1042426
2014,Hannover,Wohnungen,K032,1046610
2015,Hannover,Wohnungen,K032,1051405
2016,Hannover,Wohnungen,K032,1056102
2017,Hannover,Wohnungen,K032,1061060
2018,Hannover,Wohnungen,K032,1066464
2019,Hannover,Wohnungen,K032,1072081
2011,Hannover Region,Wohnungen,K03241,566100
2012,Hannover Region,Wohnungen,K03241,568584
2013,Hannover Region,Wohnungen,K03241,570555
2014,Hannover Region,Wohnungen,K03241,573056
2015,Hannover Region,Wohnungen,K03241,575781
2016,Hannover Region,Wohnungen,K03241,578422
2017,Hannover Region,Wohnungen,K03241,581503
2018,Hannover Region,Wohnungen,K03241,584663
2019,Hannover Region,Wohnungen,K03241,587932
2011,Hannover Landeshauptstadt,Wohnungen,K03241001,282221
2012,Hannover Landeshauptstadt,Wohnungen,K03241001,283225
2013,Hannover Landeshauptstadt,Wohnungen,K03241001,283889
2014,Hannover Landeshauptstadt,Wohnungen,K03241001,284938
2015,Hannover Landeshauptstadt,Wohnungen,K03241001,286164
2016,Hannover Landeshauptstadt,Wohnungen,K03241001,287064
2017,Hannover Landeshauptstadt,Wohnungen,K03241001,288157
2018,Hannover Landeshauptstadt,Wohnungen,K03241001,289674
2019,Hannover Landeshauptstadt,Wohnungen,K03241001,290960
2011,Diepholz,Wohnungen,K03251,91984
2012,Diepholz,Wohnungen,K03251,92770
2013,Diepholz,Wohnungen,K03251,93429
2014,Diepholz,Wohnungen,K03251,94107
2015,Diepholz,Wohnungen,K03251,94853
2016,Diepholz,Wohnungen,K03251,95627
2017,Diepholz,Wohnungen,K03251,96336
2018,Diepholz,Wohnungen,K03251,97107
2019,Diepholz,Wohnungen,K03251,97919
2011,Hameln-Pyrmont,Wohnungen,K03252,76612
2012,Hameln-Pyrmont,Wohnungen,K03252,76712
2013,Hameln-Pyrmont,Wohnungen,K03252,76934
2014,Hameln-Pyrmont,Wohnungen,K03252,77112
2015,Hameln-Pyrmont,Wohnungen,K03252,77261
2016,Hameln-Pyrmont,Wohnungen,K03252,77355
2017,Hameln-Pyrmont,Wohnungen,K03252,77494
2018,Hameln-Pyrmont,Wohnungen,K03252,77601
2019,Hameln-Pyrmont,Wohnungen,K03252,77764
2011,Hildesheim,Wohnungen,K03254,134758
2012,Hildesheim,Wohnungen,K03254,135009
2013,Hildesheim,Wohnungen,K03254,135399
2014,Hildesheim,Wohnungen,K03254,135800
2015,Hildesheim,Wohnungen,K03254,136271
2016,Hildesheim,Wohnungen,K03254,136750
2017,Hildesheim,Wohnungen,K03254,137198
2018,Hildesheim,Wohnungen,K03254,137742
2019,Hildesheim,Wohnungen,K03254,138277
2011,Holzminden,Wohnungen,K03255,36640
2012,Holzminden,Wohnungen,K03255,36682
2013,Holzminden,Wohnungen,K03255,36692
2014,Holzminden,Wohnungen,K03255,36708
2015,Holzminden,Wohnungen,K03255,36782
2016,Holzminden,Wohnungen,K03255,36841
2017,Holzminden,Wohnungen,K03255,36866
2018,Holzminden,Wohnungen,K03255,36933
2019,Holzminden,Wohnungen,K03255,36985
2011,Nienburg (Weser),Wohnungen,K03256,53304
2012,Nienburg (Weser),Wohnungen,K03256,53531
2013,Nienburg (Weser),Wohnungen,K03256,53777
2014,Nienburg (Weser),Wohnungen,K03256,53990
2015,Nienburg (Weser),Wohnungen,K03256,54285
2016,Nienburg (Weser),Wohnungen,K03256,54674
2017,Nienburg (Weser),Wohnungen,K03256,54927
2018,Nienburg (Weser),Wohnungen,K03256,55280
2019,Nienburg (Weser),Wohnungen,K03256,55663
2011,Schaumburg,Wohnungen,K03257,75161
2012,Schaumburg,Wohnungen,K03257,75411
2013,Schaumburg,Wohnungen,K03257,75640
2014,Schaumburg,Wohnungen,K03257,75837
2015,Schaumburg,Wohnungen,K03257,76172
2016,Schaumburg,Wohnungen,K03257,76433
2017,Schaumburg,Wohnungen,K03257,76736
2018,Schaumburg,Wohnungen,K03257,77138
2019,Schaumburg,Wohnungen,K03257,77541
2011,Lüneburg,Wohnungen,K033,772446
2012,Lüneburg,Wohnungen,K033,776699
2013,Lüneburg,Wohnungen,K033,781844
2014,Lüneburg,Wohnungen,K033,787680
2015,Lüneburg,Wohnungen,K033,793856
2016,Lüneburg,Wohnungen,K033,801486
2017,Lüneburg,Wohnungen,K033,808406
2018,Lüneburg,Wohnungen,K033,814374
2019,Lüneburg,Wohnungen,K033,821002
2011,Celle,Wohnungen,K03351,84377
2012,Celle,Wohnungen,K03351,84510
2013,Celle,Wohnungen,K03351,84839
2014,Celle,Wohnungen,K03351,85204
2015,Celle,Wohnungen,K03351,85593
2016,Celle,Wohnungen,K03351,86112
2017,Celle,Wohnungen,K03351,86458
2018,Celle,Wohnungen,K03351,87018
2019,Celle,Wohnungen,K03351,87567
2011,Cuxhaven,Wohnungen,K03352,95806
2012,Cuxhaven,Wohnungen,K03352,96422
2013,Cuxhaven,Wohnungen,K03352,97042
2014,Cuxhaven,Wohnungen,K03352,97872
2015,Cuxhaven,Wohnungen,K03352,98466
2016,Cuxhaven,Wohnungen,K03352,99342
2017,Cuxhaven,Wohnungen,K03352,100077
2018,Cuxhaven,Wohnungen,K03352,100648
2019,Cuxhaven,Wohnungen,K03352,101458
2011,Harburg,Wohnungen,K03353,110407
2012,Harburg,Wohnungen,K03353,111391
2013,Harburg,Wohnungen,K03353,112494
2014,Harburg,Wohnungen,K03353,113629
2015,Harburg,Wohnungen,K03353,114697
2016,Harburg,Wohnungen,K03353,116227
2017,Harburg,Wohnungen,K03353,117295
2018,Harburg,Wohnungen,K03353,118144
2019,Harburg,Wohnungen,K03353,119447
2011,Lüchow-Dannenberg,Wohnungen,K03354,24715
2012,Lüchow-Dannenberg,Wohnungen,K03354,24752
2013,Lüchow-Dannenberg,Wohnungen,K03354,24803
2014,Lüchow-Dannenberg,Wohnungen,K03354,24910
2015,Lüchow-Dannenberg,Wohnungen,K03354,24979
2016,Lüchow-Dannenberg,Wohnungen,K03354,25146
2017,Lüchow-Dannenberg,Wohnungen,K03354,25190
2018,Lüchow-Dannenberg,Wohnungen,K03354,25286
2019,Lüchow-Dannenberg,Wohnungen,K03354,25411
2011,Lüneburg,Wohnungen,K03355,82211
2012,Lüneburg,Wohnungen,K03355,82850
2013,Lüneburg,Wohnungen,K03355,83537
2014,Lüneburg,Wohnungen,K03355,84043
2015,Lüneburg,Wohnungen,K03355,84819
2016,Lüneburg,Wohnungen,K03355,85616
2017,Lüneburg,Wohnungen,K03355,86959
2018,Lüneburg,Wohnungen,K03355,87570
2019,Lüneburg,Wohnungen,K03355,87730
2011,Osterholz,Wohnungen,K03356,48479
2012,Osterholz,Wohnungen,K03356,48794
2013,Osterholz,Wohnungen,K03356,49030
2014,Osterholz,Wohnungen,K03356,49388
2015,Osterholz,Wohnungen,K03356,49728
2016,Osterholz,Wohnungen,K03356,50076
2017,Osterholz,Wohnungen,K03356,50469
2018,Osterholz,Wohnungen,K03356,50840
2019,Osterholz,Wohnungen,K03356,51400
2011,Rotenburg (Wümme),Wohnungen,K03357,69772
2012,Rotenburg (Wümme),Wohnungen,K03357,70203
2013,Rotenburg (Wümme),Wohnungen,K03357,70597
2014,Rotenburg (Wümme),Wohnungen,K03357,71221
2015,Rotenburg (Wümme),Wohnungen,K03357,71759
2016,Rotenburg (Wümme),Wohnungen,K03357,72471
2017,Rotenburg (Wümme),Wohnungen,K03357,73202
2018,Rotenburg (Wümme),Wohnungen,K03357,73832
2019,Rotenburg (Wümme),Wohnungen,K03357,74552
2011,Heidekreis,Wohnungen,K03358,63678
2012,Heidekreis,Wohnungen,K03358,63828
2013,Heidekreis,Wohnungen,K03358,64044
2014,Heidekreis,Wohnungen,K03358,64312
2015,Heidekreis,Wohnungen,K03358,64561
2016,Heidekreis,Wohnungen,K03358,65032
2017,Heidekreis,Wohnungen,K03358,65319
2018,Heidekreis,Wohnungen,K03358,65664
2019,Heidekreis,Wohnungen,K03358,66021
2011,Stade,Wohnungen,K03359,88804
2012,Stade,Wohnungen,K03359,89585
2013,Stade,Wohnungen,K03359,90411
2014,Stade,Wohnungen,K03359,91416
2015,Stade,Wohnungen,K03359,92786
2016,Stade,Wohnungen,K03359,93993
2017,Stade,Wohnungen,K03359,95320
2018,Stade,Wohnungen,K03359,96651
2019,Stade,Wohnungen,K03359,97721
2011,Uelzen,Wohnungen,K03360,45308
2012,Uelzen,Wohnungen,K03360,45423
2013,Uelzen,Wohnungen,K03360,45571
2014,Uelzen,Wohnungen,K03360,45767
2015,Uelzen,Wohnungen,K03360,45875
2016,Uelzen,Wohnungen,K03360,46290
2017,Uelzen,Wohnungen,K03360,46411
2018,Uelzen,Wohnungen,K03360,46590
2019,Uelzen,Wohnungen,K03360,46853
2011,Verden,Wohnungen,K03361,58889
2012,Verden,Wohnungen,K03361,58941
2013,Verden,Wohnungen,K03361,59476
2014,Verden,Wohnungen,K03361,59918
2015,Verden,Wohnungen,K03361,60593
2016,Verden,Wohnungen,K03361,61181
2017,Verden,Wohnungen,K03361,61706
2018,Verden,Wohnungen,K03361,62131
2019,Verden,Wohnungen,K03361,62842
2011,Weser-Ems,Wohnungen,K034,1082999
2012,Weser-Ems,Wohnungen,K034,1092356
2013,Weser-Ems,Wohnungen,K034,1103438
2014,Weser-Ems,Wohnungen,K034,1115520
2015,Weser-Ems,Wohnungen,K034,1126612
2016,Weser-Ems,Wohnungen,K034,1139414
2017,Weser-Ems,Wohnungen,K034,1151761
2018,Weser-Ems,Wohnungen,K034,1163685
2019,Weser-Ems,Wohnungen,K034,1175414
2011,Delmenhorst.Stadt,Wohnungen,K03401,36339
2012,Delmenhorst.Stadt,Wohnungen,K03401,36523
2013,Delmenhorst.Stadt,Wohnungen,K03401,36660
2014,Delmenhorst.Stadt,Wohnungen,K03401,36886
2015,Delmenhorst.Stadt,Wohnungen,K03401,37032
2016,Delmenhorst.Stadt,Wohnungen,K03401,37222
2017,Delmenhorst.Stadt,Wohnungen,K03401,37432
2018,Delmenhorst.Stadt,Wohnungen,K03401,37652
2019,Delmenhorst.Stadt,Wohnungen,K03401,37863
2011,Emden Stadt,Wohnungen,K03402,24420
2012,Emden Stadt,Wohnungen,K03402,24521
2013,Emden Stadt,Wohnungen,K03402,24619
2014,Emden Stadt,Wohnungen,K03402,24915
2015,Emden Stadt,Wohnungen,K03402,24987
2016,Emden Stadt,Wohnungen,K03402,25115
2017,Emden Stadt,Wohnungen,K03402,25338
2018,Emden Stadt,Wohnungen,K03402,25404
2019,Emden Stadt,Wohnungen,K03402,25428
2011,Oldenburg (Oldb) Stadt,Wohnungen,K03403,82769
2012,Oldenburg (Oldb) Stadt,Wohnungen,K03403,83810
2013,Oldenburg (Oldb) Stadt,Wohnungen,K03403,84918
2014,Oldenburg (Oldb) Stadt,Wohnungen,K03403,85646
2015,Oldenburg (Oldb) Stadt,Wohnungen,K03403,86710
2016,Oldenburg (Oldb) Stadt,Wohnungen,K03403,88040
2017,Oldenburg (Oldb) Stadt,Wohnungen,K03403,89325
2018,Oldenburg (Oldb) Stadt,Wohnungen,K03403,90505
2019,Oldenburg (Oldb) Stadt,Wohnungen,K03403,91386
2011,Osnabrück Stadt,Wohnungen,K03404,81143
2012,Osnabrück Stadt,Wohnungen,K03404,81456
2013,Osnabrück Stadt,Wohnungen,K03404,81857
2014,Osnabrück Stadt,Wohnungen,K03404,82222
2015,Osnabrück Stadt,Wohnungen,K03404,82730
2016,Osnabrück Stadt,Wohnungen,K03404,83417
2017,Osnabrück Stadt,Wohnungen,K03404,83839
2018,Osnabrück Stadt,Wohnungen,K03404,84414
2019,Osnabrück Stadt,Wohnungen,K03404,84594
2011,Wilhelmshaven Stadt,Wohnungen,K03405,43630
2012,Wilhelmshaven Stadt,Wohnungen,K03405,43694
2013,Wilhelmshaven Stadt,Wohnungen,K03405,43722
2014,Wilhelmshaven Stadt,Wohnungen,K03405,43846
2015,Wilhelmshaven Stadt,Wohnungen,K03405,43902
2016,Wilhelmshaven Stadt,Wohnungen,K03405,43988
2017,Wilhelmshaven Stadt,Wohnungen,K03405,44059
2018,Wilhelmshaven Stadt,Wohnungen,K03405,44154
2019,Wilhelmshaven Stadt,Wohnungen,K03405,44240
2011,Ammerland,Wohnungen,K03451,52282
2012,Ammerland,Wohnungen,K03451,52953
2013,Ammerland,Wohnungen,K03451,53842
2014,Ammerland,Wohnungen,K03451,54530
2015,Ammerland,Wohnungen,K03451,55073
2016,Ammerland,Wohnungen,K03451,55839
2017,Ammerland,Wohnungen,K03451,56451
2018,Ammerland,Wohnungen,K03451,57244
2019,Ammerland,Wohnungen,K03451,58334
2011,Aurich,Wohnungen,K03452,88857
2012,Aurich,Wohnungen,K03452,89512
2013,Aurich,Wohnungen,K03452,90460
2014,Aurich,Wohnungen,K03452,91255
2015,Aurich,Wohnungen,K03452,92058
2016,Aurich,Wohnungen,K03452,92849
2017,Aurich,Wohnungen,K03452,93616
2018,Aurich,Wohnungen,K03452,94189
2019,Aurich,Wohnungen,K03452,94911
2011,Cloppenburg,Wohnungen,K03453,58224
2012,Cloppenburg,Wohnungen,K03453,59094
2013,Cloppenburg,Wohnungen,K03453,60114
2014,Cloppenburg,Wohnungen,K03453,61313
2015,Cloppenburg,Wohnungen,K03453,62203
2016,Cloppenburg,Wohnungen,K03453,63520
2017,Cloppenburg,Wohnungen,K03453,64800
2018,Cloppenburg,Wohnungen,K03453,66095
2019,Cloppenburg,Wohnungen,K03453,67228
2011,Emsland,Wohnungen,K03454,121302
2012,Emsland,Wohnungen,K03454,123048
2013,Emsland,Wohnungen,K03454,124957
2014,Emsland,Wohnungen,K03454,127358
2015,Emsland,Wohnungen,K03454,129302
2016,Emsland,Wohnungen,K03454,131403
2017,Emsland,Wohnungen,K03454,133618
2018,Emsland,Wohnungen,K03454,135390
2019,Emsland,Wohnungen,K03454,137434
2011,Friesland,Wohnungen,K03455,47429
2012,Friesland,Wohnungen,K03455,47705
2013,Friesland,Wohnungen,K03455,48049
2014,Friesland,Wohnungen,K03455,48570
2015,Friesland,Wohnungen,K03455,48959
2016,Friesland,Wohnungen,K03455,49490
2017,Friesland,Wohnungen,K03455,49970
2018,Friesland,Wohnungen,K03455,50546
2019,Friesland,Wohnungen,K03455,51013
2011,Grafschaft Bentheim,Wohnungen,K03456,54852
2012,Grafschaft Bentheim,Wohnungen,K03456,55321
2013,Grafschaft Bentheim,Wohnungen,K03456,55993
2014,Grafschaft Bentheim,Wohnungen,K03456,56797
2015,Grafschaft Bentheim,Wohnungen,K03456,57561
2016,Grafschaft Bentheim,Wohnungen,K03456,58120
2017,Grafschaft Bentheim,Wohnungen,K03456,58925
2018,Grafschaft Bentheim,Wohnungen,K03456,59457
2019,Grafschaft Bentheim,Wohnungen,K03456,60004
2011,Leer,Wohnungen,K03457,73217
2012,Leer,Wohnungen,K03457,73852
2013,Leer,Wohnungen,K03457,74681
2014,Leer,Wohnungen,K03457,75465
2015,Leer,Wohnungen,K03457,76368
2016,Leer,Wohnungen,K03457,77223
2017,Leer,Wohnungen,K03457,78129
2018,Leer,Wohnungen,K03457,78811
2019,Leer,Wohnungen,K03457,79560
2011,Oldenburg,Wohnungen,K03458,52887
2012,Oldenburg,Wohnungen,K03458,53173
2013,Oldenburg,Wohnungen,K03458,53465
2014,Oldenburg,Wohnungen,K03458,53809
2015,Oldenburg,Wohnungen,K03458,54331
2016,Oldenburg,Wohnungen,K03458,54801
2017,Oldenburg,Wohnungen,K03458,55223
2018,Oldenburg,Wohnungen,K03458,55841
2019,Oldenburg,Wohnungen,K03458,56385
2011,Osnabrück,Wohnungen,K03459,144985
2012,Osnabrück,Wohnungen,K03459,145956
2013,Osnabrück,Wohnungen,K03459,146901
2014,Osnabrück,Wohnungen,K03459,148219
2015,Osnabrück,Wohnungen,K03459,149453
2016,Osnabrück,Wohnungen,K03459,150731
2017,Osnabrück,Wohnungen,K03459,152011
2018,Osnabrück,Wohnungen,K03459,153387
2019,Osnabrück,Wohnungen,K03459,154799
2011,Vechta,Wohnungen,K03460,50125
2012,Vechta,Wohnungen,K03460,50890
2013,Vechta,Wohnungen,K03460,51957
2014,Vechta,Wohnungen,K03460,53024
2015,Vechta,Wohnungen,K03460,53806
2016,Vechta,Wohnungen,K03460,54984
2017,Vechta,Wohnungen,K03460,55904
2018,Vechta,Wohnungen,K03460,56971
2019,Vechta,Wohnungen,K03460,58069
2011,Wesermarsch,Wohnungen,K03461,43171
2012,Wesermarsch,Wohnungen,K03461,43287
2013,Wesermarsch,Wohnungen,K03461,43455
2014,Wesermarsch,Wohnungen,K03461,43595
2015,Wesermarsch,Wohnungen,K03461,43717
2016,Wesermarsch,Wohnungen,K03461,43901
2017,Wesermarsch,Wohnungen,K03461,44059
2018,Wesermarsch,Wohnungen,K03461,44316
2019,Wesermarsch,Wohnungen,K03461,44515
2011,Wittmund,Wohnungen,K03462,27367
2012,Wittmund,Wohnungen,K03462,27561
2013,Wittmund,Wohnungen,K03462,27788
2014,Wittmund,Wohnungen,K03462,28070
2015,Wittmund,Wohnungen,K03462,28420
2016,Wittmund,Wohnungen,K03462,28771
2017,Wittmund,Wohnungen,K03462,29062
2018,Wittmund,Wohnungen,K03462,29309
2019,Wittmund,Wohnungen,K03462,29651
2011,Niedersachsen,Fläche in 100 qm,K030,3753096
2012,Niedersachsen,Fläche in 100 qm,K030,3777669
2013,Niedersachsen,Fläche in 100 qm,K030,3804485
2014,Niedersachsen,Fläche in 100 qm,K030,3833755
2015,Niedersachsen,Fläche in 100 qm,K030,3863345
2016,Niedersachsen,Fläche in 100 qm,K030,3897007
2017,Niedersachsen,Fläche in 100 qm,K030,3928305
2018,Niedersachsen,Fläche in 100 qm,K030,3958600
2019,Niedersachsen,Fläche in 100 qm,K030,3990262
2011,Braunschweig,Fläche in 100 qm,K031,757036
2012,Braunschweig,Fläche in 100 qm,K031,759978
2013,Braunschweig,Fläche in 100 qm,K031,763206
2014,Braunschweig,Fläche in 100 qm,K031,766689
2015,Braunschweig,Fläche in 100 qm,K031,770493
2016,Braunschweig,Fläche in 100 qm,K031,775265
2017,Braunschweig,Fläche in 100 qm,K031,779976
2018,Braunschweig,Fläche in 100 qm,K031,784306
2019,Braunschweig,Fläche in 100 qm,K031,789034
2011,Braunschweig Stadt,Fläche in 100 qm,K03101,107288
2012,Braunschweig Stadt,Fläche in 100 qm,K03101,107961
2013,Braunschweig Stadt,Fläche in 100 qm,K03101,108407
2014,Braunschweig Stadt,Fläche in 100 qm,K03101,108815
2015,Braunschweig Stadt,Fläche in 100 qm,K03101,109297
2016,Braunschweig Stadt,Fläche in 100 qm,K03101,109801
2017,Braunschweig Stadt,Fläche in 100 qm,K03101,110075
2018,Braunschweig Stadt,Fläche in 100 qm,K03101,110689
2019,Braunschweig Stadt,Fläche in 100 qm,K03101,111225
2011,Salzgitter.Stadt,Fläche in 100 qm,K03102,45212
2012,Salzgitter.Stadt,Fläche in 100 qm,K03102,45307
2013,Salzgitter.Stadt,Fläche in 100 qm,K03102,45447
2014,Salzgitter.Stadt,Fläche in 100 qm,K03102,45533
2015,Salzgitter.Stadt,Fläche in 100 qm,K03102,45618
2016,Salzgitter.Stadt,Fläche in 100 qm,K03102,45727
2017,Salzgitter.Stadt,Fläche in 100 qm,K03102,45886
2018,Salzgitter.Stadt,Fläche in 100 qm,K03102,45998
2019,Salzgitter.Stadt,Fläche in 100 qm,K03102,46123
2011,Wolfsburg.Stadt,Fläche in 100 qm,K03103,54677
2012,Wolfsburg.Stadt,Fläche in 100 qm,K03103,54868
2013,Wolfsburg.Stadt,Fläche in 100 qm,K03103,55156
2014,Wolfsburg.Stadt,Fläche in 100 qm,K03103,55518
2015,Wolfsburg.Stadt,Fläche in 100 qm,K03103,55827
2016,Wolfsburg.Stadt,Fläche in 100 qm,K03103,56638
2017,Wolfsburg.Stadt,Fläche in 100 qm,K03103,57165
2018,Wolfsburg.Stadt,Fläche in 100 qm,K03103,57425
2019,Wolfsburg.Stadt,Fläche in 100 qm,K03103,57766
2011,Gifhorn,Fläche in 100 qm,K03151,85789
2012,Gifhorn,Fläche in 100 qm,K03151,86374
2013,Gifhorn,Fläche in 100 qm,K03151,87208
2014,Gifhorn,Fläche in 100 qm,K03151,88162
2015,Gifhorn,Fläche in 100 qm,K03151,89102
2016,Gifhorn,Fläche in 100 qm,K03151,90076
2017,Gifhorn,Fläche in 100 qm,K03151,91340
2018,Gifhorn,Fläche in 100 qm,K03151,92359
2019,Gifhorn,Fläche in 100 qm,K03151,93380
2011,Goslar,Fläche in 100 qm,K03153,69982
2012,Goslar,Fläche in 100 qm,K03153,70035
2013,Goslar,Fläche in 100 qm,K03153,70128
2014,Goslar,Fläche in 100 qm,K03153,70221
2015,Goslar,Fläche in 100 qm,K03153,70312
2016,Goslar,Fläche in 100 qm,K03153,70459
2017,Goslar,Fläche in 100 qm,K03153,70592
2018,Goslar,Fläche in 100 qm,K03153,70682
2019,Goslar,Fläche in 100 qm,K03153,70878
2011,Helmstedt,Fläche in 100 qm,K03154,46196
2012,Helmstedt,Fläche in 100 qm,K03154,46266
2013,Helmstedt,Fläche in 100 qm,K03154,46389
2014,Helmstedt,Fläche in 100 qm,K03154,46647
2015,Helmstedt,Fläche in 100 qm,K03154,46843
2016,Helmstedt,Fläche in 100 qm,K03154,47182
2017,Helmstedt,Fläche in 100 qm,K03154,47501
2018,Helmstedt,Fläche in 100 qm,K03154,47901
2019,Helmstedt,Fläche in 100 qm,K03154,48251
2011,Northeim,Fläche in 100 qm,K03155,69312
2012,Northeim,Fläche in 100 qm,K03155,69439
2013,Northeim,Fläche in 100 qm,K03155,69539
2014,Northeim,Fläche in 100 qm,K03155,69661
2015,Northeim,Fläche in 100 qm,K03155,69792
2016,Northeim,Fläche in 100 qm,K03155,69973
2017,Northeim,Fläche in 100 qm,K03155,70238
2018,Northeim,Fläche in 100 qm,K03155,70512
2019,Northeim,Fläche in 100 qm,K03155,70767
2011,Peine,Fläche in 100 qm,K03157,64176
2012,Peine,Fläche in 100 qm,K03157,64560
2013,Peine,Fläche in 100 qm,K03157,64963
2014,Peine,Fläche in 100 qm,K03157,65377
2015,Peine,Fläche in 100 qm,K03157,65991
2016,Peine,Fläche in 100 qm,K03157,66635
2017,Peine,Fläche in 100 qm,K03157,67457
2018,Peine,Fläche in 100 qm,K03157,68092
2019,Peine,Fläche in 100 qm,K03157,68980
2011,Wolfenbüttel,Fläche in 100 qm,K03158,60672
2012,Wolfenbüttel,Fläche in 100 qm,K03158,60920
2013,Wolfenbüttel,Fläche in 100 qm,K03158,61161
2014,Wolfenbüttel,Fläche in 100 qm,K03158,61429
2015,Wolfenbüttel,Fläche in 100 qm,K03158,61842
2016,Wolfenbüttel,Fläche in 100 qm,K03158,62163
2017,Wolfenbüttel,Fläche in 100 qm,K03158,62440
2018,Wolfenbüttel,Fläche in 100 qm,K03158,62741
2019,Wolfenbüttel,Fläche in 100 qm,K03158,63108
2011,Göttingen,Fläche in 100 qm,K03159,153731
2012,Göttingen,Fläche in 100 qm,K03159,154247
2013,Göttingen,Fläche in 100 qm,K03159,154808
2014,Göttingen,Fläche in 100 qm,K03159,155325
2015,Göttingen,Fläche in 100 qm,K03159,155869
2016,Göttingen,Fläche in 100 qm,K03159,156611
2017,Göttingen,Fläche in 100 qm,K03159,157284
2018,Göttingen,Fläche in 100 qm,K03159,157907
2019,Göttingen,Fläche in 100 qm,K03159,158557
2011,Hannover,Fläche in 100 qm,K032,994682
2012,Hannover,Fläche in 100 qm,K032,999847
2013,Hannover,Fläche in 100 qm,K032,1004418
2014,Hannover,Fläche in 100 qm,K032,1009354
2015,Hannover,Fläche in 100 qm,K032,1015140
2016,Hannover,Fläche in 100 qm,K032,1020780
2017,Hannover,Fläche in 100 qm,K032,1026458
2018,Hannover,Fläche in 100 qm,K032,1032248
2019,Hannover,Fläche in 100 qm,K032,1038320
2011,Hannover Region,Fläche in 100 qm,K03241,501734
2012,Hannover Region,Fläche in 100 qm,K03241,504926
2013,Hannover Region,Fläche in 100 qm,K03241,507362
2014,Hannover Region,Fläche in 100 qm,K03241,510257
2015,Hannover Region,Fläche in 100 qm,K03241,513556
2016,Hannover Region,Fläche in 100 qm,K03241,516634
2017,Hannover Region,Fläche in 100 qm,K03241,519932
2018,Hannover Region,Fläche in 100 qm,K03241,523016
2019,Hannover Region,Fläche in 100 qm,K03241,526319
2011,Hannover Landeshauptstadt,Fläche in 100 qm,K03241001,215860
2012,Hannover Landeshauptstadt,Fläche in 100 qm,K03241001,217159
2013,Hannover Landeshauptstadt,Fläche in 100 qm,K03241001,217958
2014,Hannover Landeshauptstadt,Fläche in 100 qm,K03241001,218960
2015,Hannover Landeshauptstadt,Fläche in 100 qm,K03241001,220349
2016,Hannover Landeshauptstadt,Fläche in 100 qm,K03241001,221312
2017,Hannover Landeshauptstadt,Fläche in 100 qm,K03241001,222347
2018,Hannover Landeshauptstadt,Fläche in 100 qm,K03241001,223418
2019,Hannover Landeshauptstadt,Fläche in 100 qm,K03241001,224565
2011,Diepholz,Fläche in 100 qm,K03251,106420
2012,Diepholz,Fläche in 100 qm,K03251,107251
2013,Diepholz,Fläche in 100 qm,K03251,108062
2014,Diepholz,Fläche in 100 qm,K03251,108895
2015,Diepholz,Fläche in 100 qm,K03251,109788
2016,Diepholz,Fläche in 100 qm,K03251,110712
2017,Diepholz,Fläche in 100 qm,K03251,111555
2018,Diepholz,Fläche in 100 qm,K03251,112440
2019,Diepholz,Fläche in 100 qm,K03251,113316
2011,Hameln-Pyrmont,Fläche in 100 qm,K03252,76070
2012,Hameln-Pyrmont,Fläche in 100 qm,K03252,76218
2013,Hameln-Pyrmont,Fläche in 100 qm,K03252,76470
2014,Hameln-Pyrmont,Fläche in 100 qm,K03252,76648
2015,Hameln-Pyrmont,Fläche in 100 qm,K03252,76805
2016,Hameln-Pyrmont,Fläche in 100 qm,K03252,76951
2017,Hameln-Pyrmont,Fläche in 100 qm,K03252,77147
2018,Hameln-Pyrmont,Fläche in 100 qm,K03252,77307
2019,Hameln-Pyrmont,Fläche in 100 qm,K03252,77524
2011,Hildesheim,Fläche in 100 qm,K03254,132736
2012,Hildesheim,Fläche in 100 qm,K03254,133072
2013,Hildesheim,Fläche in 100 qm,K03254,133574
2014,Hildesheim,Fläche in 100 qm,K03254,134039
2015,Hildesheim,Fläche in 100 qm,K03254,134608
2016,Hildesheim,Fläche in 100 qm,K03254,135213
2017,Hildesheim,Fläche in 100 qm,K03254,135749
2018,Hildesheim,Fläche in 100 qm,K03254,136338
2019,Hildesheim,Fläche in 100 qm,K03254,136981
2011,Holzminden,Fläche in 100 qm,K03255,37984
2012,Holzminden,Fläche in 100 qm,K03255,38061
2013,Holzminden,Fläche in 100 qm,K03255,38081
2014,Holzminden,Fläche in 100 qm,K03255,38107
2015,Holzminden,Fläche in 100 qm,K03255,38231
2016,Holzminden,Fläche in 100 qm,K03255,38308
2017,Holzminden,Fläche in 100 qm,K03255,38353
2018,Holzminden,Fläche in 100 qm,K03255,38454
2019,Holzminden,Fläche in 100 qm,K03255,38534
2011,Nienburg (Weser),Fläche in 100 qm,K03256,60607
2012,Nienburg (Weser),Fläche in 100 qm,K03256,60872
2013,Nienburg (Weser),Fläche in 100 qm,K03256,61156
2014,Nienburg (Weser),Fläche in 100 qm,K03256,61423
2015,Nienburg (Weser),Fläche in 100 qm,K03256,61777
2016,Nienburg (Weser),Fläche in 100 qm,K03256,62261
2017,Nienburg (Weser),Fläche in 100 qm,K03256,62591
2018,Nienburg (Weser),Fläche in 100 qm,K03256,63036
2019,Nienburg (Weser),Fläche in 100 qm,K03256,63499
2011,Schaumburg,Fläche in 100 qm,K03257,79132
2012,Schaumburg,Fläche in 100 qm,K03257,79446
2013,Schaumburg,Fläche in 100 qm,K03257,79713
2014,Schaumburg,Fläche in 100 qm,K03257,79985
2015,Schaumburg,Fläche in 100 qm,K03257,80375
2016,Schaumburg,Fläche in 100 qm,K03257,80701
2017,Schaumburg,Fläche in 100 qm,K03257,81132
2018,Schaumburg,Fläche in 100 qm,K03257,81658
2019,Schaumburg,Fläche in 100 qm,K03257,82147
2011,Lüneburg,Fläche in 100 qm,K033,825943
2012,Lüneburg,Fläche in 100 qm,K033,831299
2013,Lüneburg,Fläche in 100 qm,K033,837627
2014,Lüneburg,Fläche in 100 qm,K033,844652
2015,Lüneburg,Fläche in 100 qm,K033,851834
2016,Lüneburg,Fläche in 100 qm,K033,860723
2017,Lüneburg,Fläche in 100 qm,K033,868211
2018,Lüneburg,Fläche in 100 qm,K033,875216
2019,Lüneburg,Fläche in 100 qm,K033,882799
2011,Celle,Fläche in 100 qm,K03351,88721
2012,Celle,Fläche in 100 qm,K03351,88709
2013,Celle,Fläche in 100 qm,K03351,89099
2014,Celle,Fläche in 100 qm,K03351,89606
2015,Celle,Fläche in 100 qm,K03351,90046
2016,Celle,Fläche in 100 qm,K03351,90736
2017,Celle,Fläche in 100 qm,K03351,91182
2018,Celle,Fläche in 100 qm,K03351,91864
2019,Celle,Fläche in 100 qm,K03351,92520
2011,Cuxhaven,Fläche in 100 qm,K03352,99733
2012,Cuxhaven,Fläche in 100 qm,K03352,100415
2013,Cuxhaven,Fläche in 100 qm,K03352,101153
2014,Cuxhaven,Fläche in 100 qm,K03352,102076
2015,Cuxhaven,Fläche in 100 qm,K03352,102782
2016,Cuxhaven,Fläche in 100 qm,K03352,103761
2017,Cuxhaven,Fläche in 100 qm,K03352,104646
2018,Cuxhaven,Fläche in 100 qm,K03352,105368
2019,Cuxhaven,Fläche in 100 qm,K03352,106405
2011,Harburg,Fläche in 100 qm,K03353,118780
2012,Harburg,Fläche in 100 qm,K03353,120051
2013,Harburg,Fläche in 100 qm,K03353,121419
2014,Harburg,Fläche in 100 qm,K03353,122797
2015,Harburg,Fläche in 100 qm,K03353,124121
2016,Harburg,Fläche in 100 qm,K03353,125933
2017,Harburg,Fläche in 100 qm,K03353,127225
2018,Harburg,Fläche in 100 qm,K03353,128220
2019,Harburg,Fläche in 100 qm,K03353,129647
2011,Lüchow-Dannenberg,Fläche in 100 qm,K03354,27149
2012,Lüchow-Dannenberg,Fläche in 100 qm,K03354,27209
2013,Lüchow-Dannenberg,Fläche in 100 qm,K03354,27284
2014,Lüchow-Dannenberg,Fläche in 100 qm,K03354,27402
2015,Lüchow-Dannenberg,Fläche in 100 qm,K03354,27499
2016,Lüchow-Dannenberg,Fläche in 100 qm,K03354,27699
2017,Lüchow-Dannenberg,Fläche in 100 qm,K03354,27748
2018,Lüchow-Dannenberg,Fläche in 100 qm,K03354,27846
2019,Lüchow-Dannenberg,Fläche in 100 qm,K03354,27982
2011,Lüneburg,Fläche in 100 qm,K03355,81191
2012,Lüneburg,Fläche in 100 qm,K03355,81985
2013,Lüneburg,Fläche in 100 qm,K03355,82822
2014,Lüneburg,Fläche in 100 qm,K03355,83451
2015,Lüneburg,Fläche in 100 qm,K03355,84288
2016,Lüneburg,Fläche in 100 qm,K03355,85227
2017,Lüneburg,Fläche in 100 qm,K03355,86288
2018,Lüneburg,Fläche in 100 qm,K03355,86989
2019,Lüneburg,Fläche in 100 qm,K03355,87134
2011,Osterholz,Fläche in 100 qm,K03356,54699
2012,Osterholz,Fläche in 100 qm,K03356,55134
2013,Osterholz,Fläche in 100 qm,K03356,55439
2014,Osterholz,Fläche in 100 qm,K03356,55895
2015,Osterholz,Fläche in 100 qm,K03356,56360
2016,Osterholz,Fläche in 100 qm,K03356,56789
2017,Osterholz,Fläche in 100 qm,K03356,57308
2018,Osterholz,Fläche in 100 qm,K03356,57786
2019,Osterholz,Fläche in 100 qm,K03356,58458
2011,Rotenburg (Wümme),Fläche in 100 qm,K03357,81596
2012,Rotenburg (Wümme),Fläche in 100 qm,K03357,82118
2013,Rotenburg (Wümme),Fläche in 100 qm,K03357,82602
2014,Rotenburg (Wümme),Fläche in 100 qm,K03357,83344
2015,Rotenburg (Wümme),Fläche in 100 qm,K03357,84013
2016,Rotenburg (Wümme),Fläche in 100 qm,K03357,84880
2017,Rotenburg (Wümme),Fläche in 100 qm,K03357,85742
2018,Rotenburg (Wümme),Fläche in 100 qm,K03357,86534
2019,Rotenburg (Wümme),Fläche in 100 qm,K03357,87397
2011,Heidekreis,Fläche in 100 qm,K03358,67829
2012,Heidekreis,Fläche in 100 qm,K03358,68037
2013,Heidekreis,Fläche in 100 qm,K03358,68307
2014,Heidekreis,Fläche in 100 qm,K03358,68669
2015,Heidekreis,Fläche in 100 qm,K03358,68960
2016,Heidekreis,Fläche in 100 qm,K03358,69510
2017,Heidekreis,Fläche in 100 qm,K03358,69871
2018,Heidekreis,Fläche in 100 qm,K03358,70285
2019,Heidekreis,Fläche in 100 qm,K03358,70682
2011,Stade,Fläche in 100 qm,K03359,91999
2012,Stade,Fläche in 100 qm,K03359,92900
2013,Stade,Fläche in 100 qm,K03359,93926
2014,Stade,Fläche in 100 qm,K03359,95038
2015,Stade,Fläche in 100 qm,K03359,96442
2016,Stade,Fläche in 100 qm,K03359,97763
2017,Stade,Fläche in 100 qm,K03359,98957
2018,Stade,Fläche in 100 qm,K03359,100382
2019,Stade,Fläche in 100 qm,K03359,101551
2011,Uelzen,Fläche in 100 qm,K03360,48319
2012,Uelzen,Fläche in 100 qm,K03360,48467
2013,Uelzen,Fläche in 100 qm,K03360,48607
2014,Uelzen,Fläche in 100 qm,K03360,48827
2015,Uelzen,Fläche in 100 qm,K03360,48962
2016,Uelzen,Fläche in 100 qm,K03360,49319
2017,Uelzen,Fläche in 100 qm,K03360,49480
2018,Uelzen,Fläche in 100 qm,K03360,49686
2019,Uelzen,Fläche in 100 qm,K03360,49973
2011,Verden,Fläche in 100 qm,K03361,65927
2012,Verden,Fläche in 100 qm,K03361,66274
2013,Verden,Fläche in 100 qm,K03361,66969
2014,Verden,Fläche in 100 qm,K03361,67547
2015,Verden,Fläche in 100 qm,K03361,68362
2016,Verden,Fläche in 100 qm,K03361,69107
2017,Verden,Fläche in 100 qm,K03361,69764
2018,Verden,Fläche in 100 qm,K03361,70257
2019,Verden,Fläche in 100 qm,K03361,71051
2011,Weser-Ems,Fläche in 100 qm,K034,1175435
2012,Weser-Ems,Fläche in 100 qm,K034,1186546
2013,Weser-Ems,Fläche in 100 qm,K034,1199234
2014,Weser-Ems,Fläche in 100 qm,K034,1213061
2015,Weser-Ems,Fläche in 100 qm,K034,1225878
2016,Weser-Ems,Fläche in 100 qm,K034,1240239
2017,Weser-Ems,Fläche in 100 qm,K034,1253661
2018,Weser-Ems,Fläche in 100 qm,K034,1266830
2019,Weser-Ems,Fläche in 100 qm,K034,1280110
2011,Delmenhorst.Stadt,Fläche in 100 qm,K03401,33435
2012,Delmenhorst.Stadt,Fläche in 100 qm,K03401,33651
2013,Delmenhorst.Stadt,Fläche in 100 qm,K03401,33809
2014,Delmenhorst.Stadt,Fläche in 100 qm,K03401,34031
2015,Delmenhorst.Stadt,Fläche in 100 qm,K03401,34194
2016,Delmenhorst.Stadt,Fläche in 100 qm,K03401,34394
2017,Delmenhorst.Stadt,Fläche in 100 qm,K03401,34568
2018,Delmenhorst.Stadt,Fläche in 100 qm,K03401,34797
2019,Delmenhorst.Stadt,Fläche in 100 qm,K03401,34994
2011,Emden Stadt,Fläche in 100 qm,K03402,21962
2012,Emden Stadt,Fläche in 100 qm,K03402,22087
2013,Emden Stadt,Fläche in 100 qm,K03402,22215
2014,Emden Stadt,Fläche in 100 qm,K03402,22520
2015,Emden Stadt,Fläche in 100 qm,K03402,22597
2016,Emden Stadt,Fläche in 100 qm,K03402,22722
2017,Emden Stadt,Fläche in 100 qm,K03402,22903
2018,Emden Stadt,Fläche in 100 qm,K03402,22984
2019,Emden Stadt,Fläche in 100 qm,K03402,23008
2011,Oldenburg (Oldb) Stadt,Fläche in 100 qm,K03403,74297
2012,Oldenburg (Oldb) Stadt,Fläche in 100 qm,K03403,75348
2013,Oldenburg (Oldb) Stadt,Fläche in 100 qm,K03403,76381
2014,Oldenburg (Oldb) Stadt,Fläche in 100 qm,K03403,77048
2015,Oldenburg (Oldb) Stadt,Fläche in 100 qm,K03403,78018
2016,Oldenburg (Oldb) Stadt,Fläche in 100 qm,K03403,79074
2017,Oldenburg (Oldb) Stadt,Fläche in 100 qm,K03403,80005
2018,Oldenburg (Oldb) Stadt,Fläche in 100 qm,K03403,80929
2019,Oldenburg (Oldb) Stadt,Fläche in 100 qm,K03403,81747
2011,Osnabrück Stadt,Fläche in 100 qm,K03404,69514
2012,Osnabrück Stadt,Fläche in 100 qm,K03404,69925
2013,Osnabrück Stadt,Fläche in 100 qm,K03404,70411
2014,Osnabrück Stadt,Fläche in 100 qm,K03404,70849
2015,Osnabrück Stadt,Fläche in 100 qm,K03404,71388
2016,Osnabrück Stadt,Fläche in 100 qm,K03404,72042
2017,Osnabrück Stadt,Fläche in 100 qm,K03404,72469
2018,Osnabrück Stadt,Fläche in 100 qm,K03404,72905
2019,Osnabrück Stadt,Fläche in 100 qm,K03404,73083
2011,Wilhelmshaven Stadt,Fläche in 100 qm,K03405,35974
2012,Wilhelmshaven Stadt,Fläche in 100 qm,K03405,36067
2013,Wilhelmshaven Stadt,Fläche in 100 qm,K03405,36116
2014,Wilhelmshaven Stadt,Fläche in 100 qm,K03405,36261
2015,Wilhelmshaven Stadt,Fläche in 100 qm,K03405,36328
2016,Wilhelmshaven Stadt,Fläche in 100 qm,K03405,36443
2017,Wilhelmshaven Stadt,Fläche in 100 qm,K03405,36553
2018,Wilhelmshaven Stadt,Fläche in 100 qm,K03405,36674
2019,Wilhelmshaven Stadt,Fläche in 100 qm,K03405,36750
2011,Ammerland,Fläche in 100 qm,K03451,59939
2012,Ammerland,Fläche in 100 qm,K03451,60749
2013,Ammerland,Fläche in 100 qm,K03451,61757
2014,Ammerland,Fläche in 100 qm,K03451,62581
2015,Ammerland,Fläche in 100 qm,K03451,63250
2016,Ammerland,Fläche in 100 qm,K03451,64062
2017,Ammerland,Fläche in 100 qm,K03451,64759
2018,Ammerland,Fläche in 100 qm,K03451,65589
2019,Ammerland,Fläche in 100 qm,K03451,66684
2011,Aurich,Fläche in 100 qm,K03452,94997
2012,Aurich,Fläche in 100 qm,K03452,95702
2013,Aurich,Fläche in 100 qm,K03452,96671
2014,Aurich,Fläche in 100 qm,K03452,97555
2015,Aurich,Fläche in 100 qm,K03452,98414
2016,Aurich,Fläche in 100 qm,K03452,99268
2017,Aurich,Fläche in 100 qm,K03452,100128
2018,Aurich,Fläche in 100 qm,K03452,100747
2019,Aurich,Fläche in 100 qm,K03452,101563
2011,Cloppenburg,Fläche in 100 qm,K03453,74614
2012,Cloppenburg,Fläche in 100 qm,K03453,75653
2013,Cloppenburg,Fläche in 100 qm,K03453,76840
2014,Cloppenburg,Fläche in 100 qm,K03453,78225
2015,Cloppenburg,Fläche in 100 qm,K03453,79336
2016,Cloppenburg,Fläche in 100 qm,K03453,80882
2017,Cloppenburg,Fläche in 100 qm,K03453,82379
2018,Cloppenburg,Fläche in 100 qm,K03453,83863
2019,Cloppenburg,Fläche in 100 qm,K03453,85230
2011,Emsland,Fläche in 100 qm,K03454,151722
2012,Emsland,Fläche in 100 qm,K03454,153853
2013,Emsland,Fläche in 100 qm,K03454,156228
2014,Emsland,Fläche in 100 qm,K03454,158995
2015,Emsland,Fläche in 100 qm,K03454,161353
2016,Emsland,Fläche in 100 qm,K03454,163852
2017,Emsland,Fläche in 100 qm,K03454,166328
2018,Emsland,Fläche in 100 qm,K03454,168465
2019,Emsland,Fläche in 100 qm,K03454,170946
2011,Friesland,Fläche in 100 qm,K03455,50447
2012,Friesland,Fläche in 100 qm,K03455,50762
2013,Friesland,Fläche in 100 qm,K03455,51105
2014,Friesland,Fläche in 100 qm,K03455,51664
2015,Friesland,Fläche in 100 qm,K03455,52100
2016,Friesland,Fläche in 100 qm,K03455,52709
2017,Friesland,Fläche in 100 qm,K03455,53258
2018,Friesland,Fläche in 100 qm,K03455,53858
2019,Friesland,Fläche in 100 qm,K03455,54328
2011,Grafschaft Bentheim,Fläche in 100 qm,K03456,64171
2012,Grafschaft Bentheim,Fläche in 100 qm,K03456,64749
2013,Grafschaft Bentheim,Fläche in 100 qm,K03456,65590
2014,Grafschaft Bentheim,Fläche in 100 qm,K03456,66540
2015,Grafschaft Bentheim,Fläche in 100 qm,K03456,67427
2016,Grafschaft Bentheim,Fläche in 100 qm,K03456,68104
2017,Grafschaft Bentheim,Fläche in 100 qm,K03456,68966
2018,Grafschaft Bentheim,Fläche in 100 qm,K03456,69600
2019,Grafschaft Bentheim,Fläche in 100 qm,K03456,70251
2011,Leer,Fläche in 100 qm,K03457,81385
2012,Leer,Fläche in 100 qm,K03457,82089
2013,Leer,Fläche in 100 qm,K03457,83070
2014,Leer,Fläche in 100 qm,K03457,84014
2015,Leer,Fläche in 100 qm,K03457,85094
2016,Leer,Fläche in 100 qm,K03457,86129
2017,Leer,Fläche in 100 qm,K03457,87139
2018,Leer,Fläche in 100 qm,K03457,87930
2019,Leer,Fläche in 100 qm,K03457,88771
2011,Oldenburg,Fläche in 100 qm,K03458,62373
2012,Oldenburg,Fläche in 100 qm,K03458,62739
2013,Oldenburg,Fläche in 100 qm,K03458,63102
2014,Oldenburg,Fläche in 100 qm,K03458,63519
2015,Oldenburg,Fläche in 100 qm,K03458,64152
2016,Oldenburg,Fläche in 100 qm,K03458,64732
2017,Oldenburg,Fläche in 100 qm,K03458,65268
2018,Oldenburg,Fläche in 100 qm,K03458,65967
2019,Oldenburg,Fläche in 100 qm,K03458,66616
2011,Osnabrück,Fläche in 100 qm,K03459,163970
2012,Osnabrück,Fläche in 100 qm,K03459,165201
2013,Osnabrück,Fläche in 100 qm,K03459,166366
2014,Osnabrück,Fläche in 100 qm,K03459,167975
2015,Osnabrück,Fläche in 100 qm,K03459,169551
2016,Osnabrück,Fläche in 100 qm,K03459,171167
2017,Osnabrück,Fläche in 100 qm,K03459,172686
2018,Osnabrück,Fläche in 100 qm,K03459,174369
2019,Osnabrück,Fläche in 100 qm,K03459,176096
2011,Vechta,Fläche in 100 qm,K03460,64111
2012,Vechta,Fläche in 100 qm,K03460,65098
2013,Vechta,Fläche in 100 qm,K03460,66269
2014,Vechta,Fläche in 100 qm,K03460,67498
2015,Vechta,Fläche in 100 qm,K03460,68397
2016,Vechta,Fläche in 100 qm,K03460,69738
2017,Vechta,Fläche in 100 qm,K03460,70820
2018,Vechta,Fläche in 100 qm,K03460,72160
2019,Vechta,Fläche in 100 qm,K03460,73430
2011,Wesermarsch,Fläche in 100 qm,K03461,43872
2012,Wesermarsch,Fläche in 100 qm,K03461,44026
2013,Wesermarsch,Fläche in 100 qm,K03461,44222
2014,Wesermarsch,Fläche in 100 qm,K03461,44397
2015,Wesermarsch,Fläche in 100 qm,K03461,44549
2016,Wesermarsch,Fläche in 100 qm,K03461,44774
2017,Wesermarsch,Fläche in 100 qm,K03461,44971
2018,Wesermarsch,Fläche in 100 qm,K03461,45255
2019,Wesermarsch,Fläche in 100 qm,K03461,45511
2011,Wittmund,Fläche in 100 qm,K03462,28650
2012,Wittmund,Fläche in 100 qm,K03462,28847
2013,Wittmund,Fläche in 100 qm,K03462,29082
2014,Wittmund,Fläche in 100 qm,K03462,29391
2015,Wittmund,Fläche in 100 qm,K03462,29730
2016,Wittmund,Fläche in 100 qm,K03462,30147
2017,Wittmund,Fläche in 100 qm,K03462,30462
2018,Wittmund,Fläche in 100 qm,K03462,30738
2019,Wittmund,Fläche in 100 qm,K03462,31103
2011,Niedersachsen,Durchschnittliche Fläche je Wohnung,K030,101.9
2012,Niedersachsen,Durchschnittliche Fläche je Wohnung,K030,102.0
2013,Niedersachsen,Durchschnittliche Fläche je Wohnung,K030,102.1
2014,Niedersachsen,Durchschnittliche Fläche je Wohnung,K030,102.2
2015,Niedersachsen,Durchschnittliche Fläche je Wohnung,K030,102.3
2016,Niedersachsen,Durchschnittliche Fläche je Wohnung,K030,102.4
2017,Niedersachsen,Durchschnittliche Fläche je Wohnung,K030,102.5
2018,Niedersachsen,Durchschnittliche Fläche je Wohnung,K030,102.5
2019,Niedersachsen,Durchschnittliche Fläche je Wohnung,K030,102.6
2011,Braunschweig,Durchschnittliche Fläche je Wohnung,K031,95.3
2012,Braunschweig,Durchschnittliche Fläche je Wohnung,K031,95.5
2013,Braunschweig,Durchschnittliche Fläche je Wohnung,K031,95.6
2014,Braunschweig,Durchschnittliche Fläche je Wohnung,K031,95.7
2015,Braunschweig,Durchschnittliche Fläche je Wohnung,K031,95.8
2016,Braunschweig,Durchschnittliche Fläche je Wohnung,K031,95.9
2017,Braunschweig,Durchschnittliche Fläche je Wohnung,K031,96.0
2018,Braunschweig,Durchschnittliche Fläche je Wohnung,K031,96.1
2019,Braunschweig,Durchschnittliche Fläche je Wohnung,K031,96.2
2011,Braunschweig Stadt,Durchschnittliche Fläche je Wohnung,K03101,81.1
2012,Braunschweig Stadt,Durchschnittliche Fläche je Wohnung,K03101,81.4
2013,Braunschweig Stadt,Durchschnittliche Fläche je Wohnung,K03101,81.5
2014,Braunschweig Stadt,Durchschnittliche Fläche je Wohnung,K03101,81.6
2015,Braunschweig Stadt,Durchschnittliche Fläche je Wohnung,K03101,81.7
2016,Braunschweig Stadt,Durchschnittliche Fläche je Wohnung,K03101,81.8
2017,Braunschweig Stadt,Durchschnittliche Fläche je Wohnung,K03101,81.8
2018,Braunschweig Stadt,Durchschnittliche Fläche je Wohnung,K03101,81.9
2019,Braunschweig Stadt,Durchschnittliche Fläche je Wohnung,K03101,82.0
2011,Salzgitter.Stadt,Durchschnittliche Fläche je Wohnung,K03102,83.9
2012,Salzgitter.Stadt,Durchschnittliche Fläche je Wohnung,K03102,84.0
2013,Salzgitter.Stadt,Durchschnittliche Fläche je Wohnung,K03102,84.1
2014,Salzgitter.Stadt,Durchschnittliche Fläche je Wohnung,K03102,84.2
2015,Salzgitter.Stadt,Durchschnittliche Fläche je Wohnung,K03102,84.2
2016,Salzgitter.Stadt,Durchschnittliche Fläche je Wohnung,K03102,84.3
2017,Salzgitter.Stadt,Durchschnittliche Fläche je Wohnung,K03102,84.4
2018,Salzgitter.Stadt,Durchschnittliche Fläche je Wohnung,K03102,84.5
2019,Salzgitter.Stadt,Durchschnittliche Fläche je Wohnung,K03102,84.6
2011,Wolfsburg.Stadt,Durchschnittliche Fläche je Wohnung,K03103,87.4
2012,Wolfsburg.Stadt,Durchschnittliche Fläche je Wohnung,K03103,87.8
2013,Wolfsburg.Stadt,Durchschnittliche Fläche je Wohnung,K03103,88.0
2014,Wolfsburg.Stadt,Durchschnittliche Fläche je Wohnung,K03103,88.0
2015,Wolfsburg.Stadt,Durchschnittliche Fläche je Wohnung,K03103,88.2
2016,Wolfsburg.Stadt,Durchschnittliche Fläche je Wohnung,K03103,88.6
2017,Wolfsburg.Stadt,Durchschnittliche Fläche je Wohnung,K03103,88.8
2018,Wolfsburg.Stadt,Durchschnittliche Fläche je Wohnung,K03103,88.9
2019,Wolfsburg.Stadt,Durchschnittliche Fläche je Wohnung,K03103,88.9
2011,Gifhorn,Durchschnittliche Fläche je Wohnung,K03151,116.5
2012,Gifhorn,Durchschnittliche Fläche je Wohnung,K03151,116.7
2013,Gifhorn,Durchschnittliche Fläche je Wohnung,K03151,116.8
2014,Gifhorn,Durchschnittliche Fläche je Wohnung,K03151,117.0
2015,Gifhorn,Durchschnittliche Fläche je Wohnung,K03151,117.1
2016,Gifhorn,Durchschnittliche Fläche je Wohnung,K03151,117.3
2017,Gifhorn,Durchschnittliche Fläche je Wohnung,K03151,117.4
2018,Gifhorn,Durchschnittliche Fläche je Wohnung,K03151,117.5
2019,Gifhorn,Durchschnittliche Fläche je Wohnung,K03151,117.5
2011,Goslar,Durchschnittliche Fläche je Wohnung,K03153,91.1
2012,Goslar,Durchschnittliche Fläche je Wohnung,K03153,91.2
2013,Goslar,Durchschnittliche Fläche je Wohnung,K03153,91.2
2014,Goslar,Durchschnittliche Fläche je Wohnung,K03153,91.2
2015,Goslar,Durchschnittliche Fläche je Wohnung,K03153,91.2
2016,Goslar,Durchschnittliche Fläche je Wohnung,K03153,91.3
2017,Goslar,Durchschnittliche Fläche je Wohnung,K03153,91.3
2018,Goslar,Durchschnittliche Fläche je Wohnung,K03153,91.3
2019,Goslar,Durchschnittliche Fläche je Wohnung,K03153,91.4
2011,Helmstedt,Durchschnittliche Fläche je Wohnung,K03154,101.2
2012,Helmstedt,Durchschnittliche Fläche je Wohnung,K03154,101.2
2013,Helmstedt,Durchschnittliche Fläche je Wohnung,K03154,101.3
2014,Helmstedt,Durchschnittliche Fläche je Wohnung,K03154,101.4
2015,Helmstedt,Durchschnittliche Fläche je Wohnung,K03154,101.5
2016,Helmstedt,Durchschnittliche Fläche je Wohnung,K03154,101.8
2017,Helmstedt,Durchschnittliche Fläche je Wohnung,K03154,101.9
2018,Helmstedt,Durchschnittliche Fläche je Wohnung,K03154,102.1
2019,Helmstedt,Durchschnittliche Fläche je Wohnung,K03154,102.3
2011,Northeim,Durchschnittliche Fläche je Wohnung,K03155,105.1
2012,Northeim,Durchschnittliche Fläche je Wohnung,K03155,105.1
2013,Northeim,Durchschnittliche Fläche je Wohnung,K03155,105.2
2014,Northeim,Durchschnittliche Fläche je Wohnung,K03155,105.2
2015,Northeim,Durchschnittliche Fläche je Wohnung,K03155,105.3
2016,Northeim,Durchschnittliche Fläche je Wohnung,K03155,105.4
2017,Northeim,Durchschnittliche Fläche je Wohnung,K03155,105.4
2018,Northeim,Durchschnittliche Fläche je Wohnung,K03155,105.5
2019,Northeim,Durchschnittliche Fläche je Wohnung,K03155,105.5
2011,Peine,Durchschnittliche Fläche je Wohnung,K03157,108.3
2012,Peine,Durchschnittliche Fläche je Wohnung,K03157,108.4
2013,Peine,Durchschnittliche Fläche je Wohnung,K03157,108.6
2014,Peine,Durchschnittliche Fläche je Wohnung,K03157,108.7
2015,Peine,Durchschnittliche Fläche je Wohnung,K03157,108.8
2016,Peine,Durchschnittliche Fläche je Wohnung,K03157,109.0
2017,Peine,Durchschnittliche Fläche je Wohnung,K03157,109.1
2018,Peine,Durchschnittliche Fläche je Wohnung,K03157,109.2
2019,Peine,Durchschnittliche Fläche je Wohnung,K03157,109.5
2011,Wolfenbüttel,Durchschnittliche Fläche je Wohnung,K03158,104.2
2012,Wolfenbüttel,Durchschnittliche Fläche je Wohnung,K03158,104.3
2013,Wolfenbüttel,Durchschnittliche Fläche je Wohnung,K03158,104.5
2014,Wolfenbüttel,Durchschnittliche Fläche je Wohnung,K03158,104.5
2015,Wolfenbüttel,Durchschnittliche Fläche je Wohnung,K03158,104.7
2016,Wolfenbüttel,Durchschnittliche Fläche je Wohnung,K03158,104.6
2017,Wolfenbüttel,Durchschnittliche Fläche je Wohnung,K03158,104.7
2018,Wolfenbüttel,Durchschnittliche Fläche je Wohnung,K03158,104.7
2019,Wolfenbüttel,Durchschnittliche Fläche je Wohnung,K03158,104.8
2011,Göttingen,Durchschnittliche Fläche je Wohnung,K03159,92.5
2012,Göttingen,Durchschnittliche Fläche je Wohnung,K03159,92.6
2013,Göttingen,Durchschnittliche Fläche je Wohnung,K03159,92.7
2014,Göttingen,Durchschnittliche Fläche je Wohnung,K03159,92.8
2015,Göttingen,Durchschnittliche Fläche je Wohnung,K03159,92.8
2016,Göttingen,Durchschnittliche Fläche je Wohnung,K03159,92.9
2017,Göttingen,Durchschnittliche Fläche je Wohnung,K03159,93.0
2018,Göttingen,Durchschnittliche Fläche je Wohnung,K03159,93.0
2019,Göttingen,Durchschnittliche Fläche je Wohnung,K03159,93.1
2011,Hannover,Durchschnittliche Fläche je Wohnung,K032,96.1
2012,Hannover,Durchschnittliche Fläche je Wohnung,K032,96.3
2013,Hannover,Durchschnittliche Fläche je Wohnung,K032,96.4
2014,Hannover,Durchschnittliche Fläche je Wohnung,K032,96.4
2015,Hannover,Durchschnittliche Fläche je Wohnung,K032,96.6
2016,Hannover,Durchschnittliche Fläche je Wohnung,K032,96.7
2017,Hannover,Durchschnittliche Fläche je Wohnung,K032,96.7
2018,Hannover,Durchschnittliche Fläche je Wohnung,K032,96.8
2019,Hannover,Durchschnittliche Fläche je Wohnung,K032,96.9
2011,Hannover Region,Durchschnittliche Fläche je Wohnung,K03241,88.6
2012,Hannover Region,Durchschnittliche Fläche je Wohnung,K03241,88.8
2013,Hannover Region,Durchschnittliche Fläche je Wohnung,K03241,88.9
2014,Hannover Region,Durchschnittliche Fläche je Wohnung,K03241,89.0
2015,Hannover Region,Durchschnittliche Fläche je Wohnung,K03241,89.2
2016,Hannover Region,Durchschnittliche Fläche je Wohnung,K03241,89.3
2017,Hannover Region,Durchschnittliche Fläche je Wohnung,K03241,89.4
2018,Hannover Region,Durchschnittliche Fläche je Wohnung,K03241,89.5
2019,Hannover Region,Durchschnittliche Fläche je Wohnung,K03241,89.5
2011,Hannover Landeshauptstadt,Durchschnittliche Fläche je Wohnung,K03241001,76.5
2012,Hannover Landeshauptstadt,Durchschnittliche Fläche je Wohnung,K03241001,76.7
2013,Hannover Landeshauptstadt,Durchschnittliche Fläche je Wohnung,K03241001,76.8
2014,Hannover Landeshauptstadt,Durchschnittliche Fläche je Wohnung,K03241001,76.8
2015,Hannover Landeshauptstadt,Durchschnittliche Fläche je Wohnung,K03241001,77.0
2016,Hannover Landeshauptstadt,Durchschnittliche Fläche je Wohnung,K03241001,77.1
2017,Hannover Landeshauptstadt,Durchschnittliche Fläche je Wohnung,K03241001,77.2
2018,Hannover Landeshauptstadt,Durchschnittliche Fläche je Wohnung,K03241001,77.1
2019,Hannover Landeshauptstadt,Durchschnittliche Fläche je Wohnung,K03241001,77.2
2011,Diepholz,Durchschnittliche Fläche je Wohnung,K03251,115.7
2012,Diepholz,Durchschnittliche Fläche je Wohnung,K03251,115.6
2013,Diepholz,Durchschnittliche Fläche je Wohnung,K03251,115.7
2014,Diepholz,Durchschnittliche Fläche je Wohnung,K03251,115.7
2015,Diepholz,Durchschnittliche Fläche je Wohnung,K03251,115.7
2016,Diepholz,Durchschnittliche Fläche je Wohnung,K03251,115.8
2017,Diepholz,Durchschnittliche Fläche je Wohnung,K03251,115.8
2018,Diepholz,Durchschnittliche Fläche je Wohnung,K03251,115.8
2019,Diepholz,Durchschnittliche Fläche je Wohnung,K03251,115.7
2011,Hameln-Pyrmont,Durchschnittliche Fläche je Wohnung,K03252,99.3
2012,Hameln-Pyrmont,Durchschnittliche Fläche je Wohnung,K03252,99.4
2013,Hameln-Pyrmont,Durchschnittliche Fläche je Wohnung,K03252,99.4
2014,Hameln-Pyrmont,Durchschnittliche Fläche je Wohnung,K03252,99.4
2015,Hameln-Pyrmont,Durchschnittliche Fläche je Wohnung,K03252,99.4
2016,Hameln-Pyrmont,Durchschnittliche Fläche je Wohnung,K03252,99.5
2017,Hameln-Pyrmont,Durchschnittliche Fläche je Wohnung,K03252,99.6
2018,Hameln-Pyrmont,Durchschnittliche Fläche je Wohnung,K03252,99.6
2019,Hameln-Pyrmont,Durchschnittliche Fläche je Wohnung,K03252,99.7
2011,Hildesheim,Durchschnittliche Fläche je Wohnung,K03254,98.5
2012,Hildesheim,Durchschnittliche Fläche je Wohnung,K03254,98.6
2013,Hildesheim,Durchschnittliche Fläche je Wohnung,K03254,98.7
2014,Hildesheim,Durchschnittliche Fläche je Wohnung,K03254,98.7
2015,Hildesheim,Durchschnittliche Fläche je Wohnung,K03254,98.8
2016,Hildesheim,Durchschnittliche Fläche je Wohnung,K03254,98.9
2017,Hildesheim,Durchschnittliche Fläche je Wohnung,K03254,98.9
2018,Hildesheim,Durchschnittliche Fläche je Wohnung,K03254,99.0
2019,Hildesheim,Durchschnittliche Fläche je Wohnung,K03254,99.1
2011,Holzminden,Durchschnittliche Fläche je Wohnung,K03255,103.7
2012,Holzminden,Durchschnittliche Fläche je Wohnung,K03255,103.8
2013,Holzminden,Durchschnittliche Fläche je Wohnung,K03255,103.8
2014,Holzminden,Durchschnittliche Fläche je Wohnung,K03255,103.8
2015,Holzminden,Durchschnittliche Fläche je Wohnung,K03255,103.9
2016,Holzminden,Durchschnittliche Fläche je Wohnung,K03255,104.0
2017,Holzminden,Durchschnittliche Fläche je Wohnung,K03255,104.0
2018,Holzminden,Durchschnittliche Fläche je Wohnung,K03255,104.1
2019,Holzminden,Durchschnittliche Fläche je Wohnung,K03255,104.2
2011,Nienburg (Weser),Durchschnittliche Fläche je Wohnung,K03256,113.7
2012,Nienburg (Weser),Durchschnittliche Fläche je Wohnung,K03256,113.7
2013,Nienburg (Weser),Durchschnittliche Fläche je Wohnung,K03256,113.7
2014,Nienburg (Weser),Durchschnittliche Fläche je Wohnung,K03256,113.8
2015,Nienburg (Weser),Durchschnittliche Fläche je Wohnung,K03256,113.8
2016,Nienburg (Weser),Durchschnittliche Fläche je Wohnung,K03256,113.9
2017,Nienburg (Weser),Durchschnittliche Fläche je Wohnung,K03256,114.0
2018,Nienburg (Weser),Durchschnittliche Fläche je Wohnung,K03256,114.0
2019,Nienburg (Weser),Durchschnittliche Fläche je Wohnung,K03256,114.1
2011,Schaumburg,Durchschnittliche Fläche je Wohnung,K03257,105.3
2012,Schaumburg,Durchschnittliche Fläche je Wohnung,K03257,105.4
2013,Schaumburg,Durchschnittliche Fläche je Wohnung,K03257,105.4
2014,Schaumburg,Durchschnittliche Fläche je Wohnung,K03257,105.5
2015,Schaumburg,Durchschnittliche Fläche je Wohnung,K03257,105.5
2016,Schaumburg,Durchschnittliche Fläche je Wohnung,K03257,105.6
2017,Schaumburg,Durchschnittliche Fläche je Wohnung,K03257,105.7
2018,Schaumburg,Durchschnittliche Fläche je Wohnung,K03257,105.9
2019,Schaumburg,Durchschnittliche Fläche je Wohnung,K03257,105.9
2011,Lüneburg,Durchschnittliche Fläche je Wohnung,K033,106.9
2012,Lüneburg,Durchschnittliche Fläche je Wohnung,K033,107.0
2013,Lüneburg,Durchschnittliche Fläche je Wohnung,K033,107.1
2014,Lüneburg,Durchschnittliche Fläche je Wohnung,K033,107.2
2015,Lüneburg,Durchschnittliche Fläche je Wohnung,K033,107.3
2016,Lüneburg,Durchschnittliche Fläche je Wohnung,K033,107.4
2017,Lüneburg,Durchschnittliche Fläche je Wohnung,K033,107.4
2018,Lüneburg,Durchschnittliche Fläche je Wohnung,K033,107.5
2019,Lüneburg,Durchschnittliche Fläche je Wohnung,K033,107.5
2011,Celle,Durchschnittliche Fläche je Wohnung,K03351,105.1
2012,Celle,Durchschnittliche Fläche je Wohnung,K03351,105.0
2013,Celle,Durchschnittliche Fläche je Wohnung,K03351,105.0
2014,Celle,Durchschnittliche Fläche je Wohnung,K03351,105.2
2015,Celle,Durchschnittliche Fläche je Wohnung,K03351,105.2
2016,Celle,Durchschnittliche Fläche je Wohnung,K03351,105.4
2017,Celle,Durchschnittliche Fläche je Wohnung,K03351,105.5
2018,Celle,Durchschnittliche Fläche je Wohnung,K03351,105.6
2019,Celle,Durchschnittliche Fläche je Wohnung,K03351,105.7
2011,Cuxhaven,Durchschnittliche Fläche je Wohnung,K03352,104.1
2012,Cuxhaven,Durchschnittliche Fläche je Wohnung,K03352,104.1
2013,Cuxhaven,Durchschnittliche Fläche je Wohnung,K03352,104.2
2014,Cuxhaven,Durchschnittliche Fläche je Wohnung,K03352,104.3
2015,Cuxhaven,Durchschnittliche Fläche je Wohnung,K03352,104.4
2016,Cuxhaven,Durchschnittliche Fläche je Wohnung,K03352,104.4
2017,Cuxhaven,Durchschnittliche Fläche je Wohnung,K03352,104.6
2018,Cuxhaven,Durchschnittliche Fläche je Wohnung,K03352,104.7
2019,Cuxhaven,Durchschnittliche Fläche je Wohnung,K03352,104.9
2011,Harburg,Durchschnittliche Fläche je Wohnung,K03353,107.6
2012,Harburg,Durchschnittliche Fläche je Wohnung,K03353,107.8
2013,Harburg,Durchschnittliche Fläche je Wohnung,K03353,107.9
2014,Harburg,Durchschnittliche Fläche je Wohnung,K03353,108.1
2015,Harburg,Durchschnittliche Fläche je Wohnung,K03353,108.2
2016,Harburg,Durchschnittliche Fläche je Wohnung,K03353,108.4
2017,Harburg,Durchschnittliche Fläche je Wohnung,K03353,108.5
2018,Harburg,Durchschnittliche Fläche je Wohnung,K03353,108.5
2019,Harburg,Durchschnittliche Fläche je Wohnung,K03353,108.5
2011,Lüchow-Dannenberg,Durchschnittliche Fläche je Wohnung,K03354,109.8
2012,Lüchow-Dannenberg,Durchschnittliche Fläche je Wohnung,K03354,109.9
2013,Lüchow-Dannenberg,Durchschnittliche Fläche je Wohnung,K03354,110.0
2014,Lüchow-Dannenberg,Durchschnittliche Fläche je Wohnung,K03354,110.0
2015,Lüchow-Dannenberg,Durchschnittliche Fläche je Wohnung,K03354,110.1
2016,Lüchow-Dannenberg,Durchschnittliche Fläche je Wohnung,K03354,110.2
2017,Lüchow-Dannenberg,Durchschnittliche Fläche je Wohnung,K03354,110.2
2018,Lüchow-Dannenberg,Durchschnittliche Fläche je Wohnung,K03354,110.1
2019,Lüchow-Dannenberg,Durchschnittliche Fläche je Wohnung,K03354,110.1
2011,Lüneburg,Durchschnittliche Fläche je Wohnung,K03355,98.8
2012,Lüneburg,Durchschnittliche Fläche je Wohnung,K03355,99.0
2013,Lüneburg,Durchschnittliche Fläche je Wohnung,K03355,99.1
2014,Lüneburg,Durchschnittliche Fläche je Wohnung,K03355,99.3
2015,Lüneburg,Durchschnittliche Fläche je Wohnung,K03355,99.4
2016,Lüneburg,Durchschnittliche Fläche je Wohnung,K03355,99.5
2017,Lüneburg,Durchschnittliche Fläche je Wohnung,K03355,99.2
2018,Lüneburg,Durchschnittliche Fläche je Wohnung,K03355,99.3
2019,Lüneburg,Durchschnittliche Fläche je Wohnung,K03355,99.3
2011,Osterholz,Durchschnittliche Fläche je Wohnung,K03356,112.8
2012,Osterholz,Durchschnittliche Fläche je Wohnung,K03356,113.0
2013,Osterholz,Durchschnittliche Fläche je Wohnung,K03356,113.1
2014,Osterholz,Durchschnittliche Fläche je Wohnung,K03356,113.2
2015,Osterholz,Durchschnittliche Fläche je Wohnung,K03356,113.3
2016,Osterholz,Durchschnittliche Fläche je Wohnung,K03356,113.4
2017,Osterholz,Durchschnittliche Fläche je Wohnung,K03356,113.6
2018,Osterholz,Durchschnittliche Fläche je Wohnung,K03356,113.7
2019,Osterholz,Durchschnittliche Fläche je Wohnung,K03356,113.7
2011,Rotenburg (Wümme),Durchschnittliche Fläche je Wohnung,K03357,116.9
2012,Rotenburg (Wümme),Durchschnittliche Fläche je Wohnung,K03357,117.0
2013,Rotenburg (Wümme),Durchschnittliche Fläche je Wohnung,K03357,117.0
2014,Rotenburg (Wümme),Durchschnittliche Fläche je Wohnung,K03357,117.0
2015,Rotenburg (Wümme),Durchschnittliche Fläche je Wohnung,K03357,117.1
2016,Rotenburg (Wümme),Durchschnittliche Fläche je Wohnung,K03357,117.1
2017,Rotenburg (Wümme),Durchschnittliche Fläche je Wohnung,K03357,117.1
2018,Rotenburg (Wümme),Durchschnittliche Fläche je Wohnung,K03357,117.2
2019,Rotenburg (Wümme),Durchschnittliche Fläche je Wohnung,K03357,117.2
2011,Heidekreis,Durchschnittliche Fläche je Wohnung,K03358,106.5
2012,Heidekreis,Durchschnittliche Fläche je Wohnung,K03358,106.6
2013,Heidekreis,Durchschnittliche Fläche je Wohnung,K03358,106.7
2014,Heidekreis,Durchschnittliche Fläche je Wohnung,K03358,106.8
2015,Heidekreis,Durchschnittliche Fläche je Wohnung,K03358,106.8
2016,Heidekreis,Durchschnittliche Fläche je Wohnung,K03358,106.9
2017,Heidekreis,Durchschnittliche Fläche je Wohnung,K03358,107.0
2018,Heidekreis,Durchschnittliche Fläche je Wohnung,K03358,107.0
2019,Heidekreis,Durchschnittliche Fläche je Wohnung,K03358,107.1
2011,Stade,Durchschnittliche Fläche je Wohnung,K03359,103.6
2012,Stade,Durchschnittliche Fläche je Wohnung,K03359,103.7
2013,Stade,Durchschnittliche Fläche je Wohnung,K03359,103.9
2014,Stade,Durchschnittliche Fläche je Wohnung,K03359,104.0
2015,Stade,Durchschnittliche Fläche je Wohnung,K03359,103.9
2016,Stade,Durchschnittliche Fläche je Wohnung,K03359,104.0
2017,Stade,Durchschnittliche Fläche je Wohnung,K03359,103.8
2018,Stade,Durchschnittliche Fläche je Wohnung,K03359,103.9
2019,Stade,Durchschnittliche Fläche je Wohnung,K03359,103.9
2011,Uelzen,Durchschnittliche Fläche je Wohnung,K03360,106.6
2012,Uelzen,Durchschnittliche Fläche je Wohnung,K03360,106.7
2013,Uelzen,Durchschnittliche Fläche je Wohnung,K03360,106.7
2014,Uelzen,Durchschnittliche Fläche je Wohnung,K03360,106.7
2015,Uelzen,Durchschnittliche Fläche je Wohnung,K03360,106.7
2016,Uelzen,Durchschnittliche Fläche je Wohnung,K03360,106.5
2017,Uelzen,Durchschnittliche Fläche je Wohnung,K03360,106.6
2018,Uelzen,Durchschnittliche Fläche je Wohnung,K03360,106.6
2019,Uelzen,Durchschnittliche Fläche je Wohnung,K03360,106.7
2011,Verden,Durchschnittliche Fläche je Wohnung,K03361,112.0
2012,Verden,Durchschnittliche Fläche je Wohnung,K03361,112.4
2013,Verden,Durchschnittliche Fläche je Wohnung,K03361,112.6
2014,Verden,Durchschnittliche Fläche je Wohnung,K03361,112.7
2015,Verden,Durchschnittliche Fläche je Wohnung,K03361,112.8
2016,Verden,Durchschnittliche Fläche je Wohnung,K03361,113.0
2017,Verden,Durchschnittliche Fläche je Wohnung,K03361,113.1
2018,Verden,Durchschnittliche Fläche je Wohnung,K03361,113.1
2019,Verden,Durchschnittliche Fläche je Wohnung,K03361,113.1
2011,Weser-Ems,Durchschnittliche Fläche je Wohnung,K034,108.5
2012,Weser-Ems,Durchschnittliche Fläche je Wohnung,K034,108.6
2013,Weser-Ems,Durchschnittliche Fläche je Wohnung,K034,108.7
2014,Weser-Ems,Durchschnittliche Fläche je Wohnung,K034,108.7
2015,Weser-Ems,Durchschnittliche Fläche je Wohnung,K034,108.8
2016,Weser-Ems,Durchschnittliche Fläche je Wohnung,K034,108.8
2017,Weser-Ems,Durchschnittliche Fläche je Wohnung,K034,108.8
2018,Weser-Ems,Durchschnittliche Fläche je Wohnung,K034,108.9
2019,Weser-Ems,Durchschnittliche Fläche je Wohnung,K034,108.9
2011,Delmenhorst.Stadt,Durchschnittliche Fläche je Wohnung,K03401,92.0
2012,Delmenhorst.Stadt,Durchschnittliche Fläche je Wohnung,K03401,92.1
2013,Delmenhorst.Stadt,Durchschnittliche Fläche je Wohnung,K03401,92.2
2014,Delmenhorst.Stadt,Durchschnittliche Fläche je Wohnung,K03401,92.3
2015,Delmenhorst.Stadt,Durchschnittliche Fläche je Wohnung,K03401,92.3
2016,Delmenhorst.Stadt,Durchschnittliche Fläche je Wohnung,K03401,92.4
2017,Delmenhorst.Stadt,Durchschnittliche Fläche je Wohnung,K03401,92.3
2018,Delmenhorst.Stadt,Durchschnittliche Fläche je Wohnung,K03401,92.4
2019,Delmenhorst.Stadt,Durchschnittliche Fläche je Wohnung,K03401,92.4
2011,Emden Stadt,Durchschnittliche Fläche je Wohnung,K03402,89.9
2012,Emden Stadt,Durchschnittliche Fläche je Wohnung,K03402,90.1
2013,Emden Stadt,Durchschnittliche Fläche je Wohnung,K03402,90.2
2014,Emden Stadt,Durchschnittliche Fläche je Wohnung,K03402,90.4
2015,Emden Stadt,Durchschnittliche Fläche je Wohnung,K03402,90.4
2016,Emden Stadt,Durchschnittliche Fläche je Wohnung,K03402,90.5
2017,Emden Stadt,Durchschnittliche Fläche je Wohnung,K03402,90.4
2018,Emden Stadt,Durchschnittliche Fläche je Wohnung,K03402,90.5
2019,Emden Stadt,Durchschnittliche Fläche je Wohnung,K03402,90.5
2011,Oldenburg (Oldb) Stadt,Durchschnittliche Fläche je Wohnung,K03403,89.8
2012,Oldenburg (Oldb) Stadt,Durchschnittliche Fläche je Wohnung,K03403,89.9
2013,Oldenburg (Oldb) Stadt,Durchschnittliche Fläche je Wohnung,K03403,89.9
2014,Oldenburg (Oldb) Stadt,Durchschnittliche Fläche je Wohnung,K03403,90.0
2015,Oldenburg (Oldb) Stadt,Durchschnittliche Fläche je Wohnung,K03403,90.0
2016,Oldenburg (Oldb) Stadt,Durchschnittliche Fläche je Wohnung,K03403,89.8
2017,Oldenburg (Oldb) Stadt,Durchschnittliche Fläche je Wohnung,K03403,89.6
2018,Oldenburg (Oldb) Stadt,Durchschnittliche Fläche je Wohnung,K03403,89.4
2019,Oldenburg (Oldb) Stadt,Durchschnittliche Fläche je Wohnung,K03403,89.5
2011,Osnabrück Stadt,Durchschnittliche Fläche je Wohnung,K03404,85.7
2012,Osnabrück Stadt,Durchschnittliche Fläche je Wohnung,K03404,85.8
2013,Osnabrück Stadt,Durchschnittliche Fläche je Wohnung,K03404,86.0
2014,Osnabrück Stadt,Durchschnittliche Fläche je Wohnung,K03404,86.2
2015,Osnabrück Stadt,Durchschnittliche Fläche je Wohnung,K03404,86.3
2016,Osnabrück Stadt,Durchschnittliche Fläche je Wohnung,K03404,86.4
2017,Osnabrück Stadt,Durchschnittliche Fläche je Wohnung,K03404,86.4
2018,Osnabrück Stadt,Durchschnittliche Fläche je Wohnung,K03404,86.4
2019,Osnabrück Stadt,Durchschnittliche Fläche je Wohnung,K03404,86.4
2011,Wilhelmshaven Stadt,Durchschnittliche Fläche je Wohnung,K03405,82.5
2012,Wilhelmshaven Stadt,Durchschnittliche Fläche je Wohnung,K03405,82.5
2013,Wilhelmshaven Stadt,Durchschnittliche Fläche je Wohnung,K03405,82.6
2014,Wilhelmshaven Stadt,Durchschnittliche Fläche je Wohnung,K03405,82.7
2015,Wilhelmshaven Stadt,Durchschnittliche Fläche je Wohnung,K03405,82.7
2016,Wilhelmshaven Stadt,Durchschnittliche Fläche je Wohnung,K03405,82.8
2017,Wilhelmshaven Stadt,Durchschnittliche Fläche je Wohnung,K03405,83.0
2018,Wilhelmshaven Stadt,Durchschnittliche Fläche je Wohnung,K03405,83.1
2019,Wilhelmshaven Stadt,Durchschnittliche Fläche je Wohnung,K03405,83.1
2011,Ammerland,Durchschnittliche Fläche je Wohnung,K03451,114.6
2012,Ammerland,Durchschnittliche Fläche je Wohnung,K03451,114.7
2013,Ammerland,Durchschnittliche Fläche je Wohnung,K03451,114.7
2014,Ammerland,Durchschnittliche Fläche je Wohnung,K03451,114.8
2015,Ammerland,Durchschnittliche Fläche je Wohnung,K03451,114.8
2016,Ammerland,Durchschnittliche Fläche je Wohnung,K03451,114.7
2017,Ammerland,Durchschnittliche Fläche je Wohnung,K03451,114.7
2018,Ammerland,Durchschnittliche Fläche je Wohnung,K03451,114.6
2019,Ammerland,Durchschnittliche Fläche je Wohnung,K03451,114.3
2011,Aurich,Durchschnittliche Fläche je Wohnung,K03452,106.9
2012,Aurich,Durchschnittliche Fläche je Wohnung,K03452,106.9
2013,Aurich,Durchschnittliche Fläche je Wohnung,K03452,106.9
2014,Aurich,Durchschnittliche Fläche je Wohnung,K03452,106.9
2015,Aurich,Durchschnittliche Fläche je Wohnung,K03452,106.9
2016,Aurich,Durchschnittliche Fläche je Wohnung,K03452,106.9
2017,Aurich,Durchschnittliche Fläche je Wohnung,K03452,107.0
2018,Aurich,Durchschnittliche Fläche je Wohnung,K03452,107.0
2019,Aurich,Durchschnittliche Fläche je Wohnung,K03452,107.0
2011,Cloppenburg,Durchschnittliche Fläche je Wohnung,K03453,128.2
2012,Cloppenburg,Durchschnittliche Fläche je Wohnung,K03453,128.0
2013,Cloppenburg,Durchschnittliche Fläche je Wohnung,K03453,127.8
2014,Cloppenburg,Durchschnittliche Fläche je Wohnung,K03453,127.6
2015,Cloppenburg,Durchschnittliche Fläche je Wohnung,K03453,127.5
2016,Cloppenburg,Durchschnittliche Fläche je Wohnung,K03453,127.3
2017,Cloppenburg,Durchschnittliche Fläche je Wohnung,K03453,127.1
2018,Cloppenburg,Durchschnittliche Fläche je Wohnung,K03453,126.9
2019,Cloppenburg,Durchschnittliche Fläche je Wohnung,K03453,126.8
2011,Emsland,Durchschnittliche Fläche je Wohnung,K03454,125.1
2012,Emsland,Durchschnittliche Fläche je Wohnung,K03454,125.0
2013,Emsland,Durchschnittliche Fläche je Wohnung,K03454,125.0
2014,Emsland,Durchschnittliche Fläche je Wohnung,K03454,124.8
2015,Emsland,Durchschnittliche Fläche je Wohnung,K03454,124.8
2016,Emsland,Durchschnittliche Fläche je Wohnung,K03454,124.7
2017,Emsland,Durchschnittliche Fläche je Wohnung,K03454,124.5
2018,Emsland,Durchschnittliche Fläche je Wohnung,K03454,124.4
2019,Emsland,Durchschnittliche Fläche je Wohnung,K03454,124.4
2011,Friesland,Durchschnittliche Fläche je Wohnung,K03455,106.4
2012,Friesland,Durchschnittliche Fläche je Wohnung,K03455,106.4
2013,Friesland,Durchschnittliche Fläche je Wohnung,K03455,106.4
2014,Friesland,Durchschnittliche Fläche je Wohnung,K03455,106.4
2015,Friesland,Durchschnittliche Fläche je Wohnung,K03455,106.4
2016,Friesland,Durchschnittliche Fläche je Wohnung,K03455,106.5
2017,Friesland,Durchschnittliche Fläche je Wohnung,K03455,106.6
2018,Friesland,Durchschnittliche Fläche je Wohnung,K03455,106.6
2019,Friesland,Durchschnittliche Fläche je Wohnung,K03455,106.5
2011,Grafschaft Bentheim,Durchschnittliche Fläche je Wohnung,K03456,117.0
2012,Grafschaft Bentheim,Durchschnittliche Fläche je Wohnung,K03456,117.0
2013,Grafschaft Bentheim,Durchschnittliche Fläche je Wohnung,K03456,117.1
2014,Grafschaft Bentheim,Durchschnittliche Fläche je Wohnung,K03456,117.2
2015,Grafschaft Bentheim,Durchschnittliche Fläche je Wohnung,K03456,117.1
2016,Grafschaft Bentheim,Durchschnittliche Fläche je Wohnung,K03456,117.2
2017,Grafschaft Bentheim,Durchschnittliche Fläche je Wohnung,K03456,117.0
2018,Grafschaft Bentheim,Durchschnittliche Fläche je Wohnung,K03456,117.1
2019,Grafschaft Bentheim,Durchschnittliche Fläche je Wohnung,K03456,117.1
2011,Leer,Durchschnittliche Fläche je Wohnung,K03457,111.2
2012,Leer,Durchschnittliche Fläche je Wohnung,K03457,111.2
2013,Leer,Durchschnittliche Fläche je Wohnung,K03457,111.2
2014,Leer,Durchschnittliche Fläche je Wohnung,K03457,111.3
2015,Leer,Durchschnittliche Fläche je Wohnung,K03457,111.4
2016,Leer,Durchschnittliche Fläche je Wohnung,K03457,111.5
2017,Leer,Durchschnittliche Fläche je Wohnung,K03457,111.5
2018,Leer,Durchschnittliche Fläche je Wohnung,K03457,111.6
2019,Leer,Durchschnittliche Fläche je Wohnung,K03457,111.6
2011,Oldenburg,Durchschnittliche Fläche je Wohnung,K03458,117.9
2012,Oldenburg,Durchschnittliche Fläche je Wohnung,K03458,118.0
2013,Oldenburg,Durchschnittliche Fläche je Wohnung,K03458,118.0
2014,Oldenburg,Durchschnittliche Fläche je Wohnung,K03458,118.0
2015,Oldenburg,Durchschnittliche Fläche je Wohnung,K03458,118.1
2016,Oldenburg,Durchschnittliche Fläche je Wohnung,K03458,118.1
2017,Oldenburg,Durchschnittliche Fläche je Wohnung,K03458,118.2
2018,Oldenburg,Durchschnittliche Fläche je Wohnung,K03458,118.1
2019,Oldenburg,Durchschnittliche Fläche je Wohnung,K03458,118.1
2011,Osnabrück,Durchschnittliche Fläche je Wohnung,K03459,113.1
2012,Osnabrück,Durchschnittliche Fläche je Wohnung,K03459,113.2
2013,Osnabrück,Durchschnittliche Fläche je Wohnung,K03459,113.3
2014,Osnabrück,Durchschnittliche Fläche je Wohnung,K03459,113.3
2015,Osnabrück,Durchschnittliche Fläche je Wohnung,K03459,113.4
2016,Osnabrück,Durchschnittliche Fläche je Wohnung,K03459,113.6
2017,Osnabrück,Durchschnittliche Fläche je Wohnung,K03459,113.6
2018,Osnabrück,Durchschnittliche Fläche je Wohnung,K03459,113.7
2019,Osnabrück,Durchschnittliche Fläche je Wohnung,K03459,113.8
2011,Vechta,Durchschnittliche Fläche je Wohnung,K03460,127.9
2012,Vechta,Durchschnittliche Fläche je Wohnung,K03460,127.9
2013,Vechta,Durchschnittliche Fläche je Wohnung,K03460,127.5
2014,Vechta,Durchschnittliche Fläche je Wohnung,K03460,127.3
2015,Vechta,Durchschnittliche Fläche je Wohnung,K03460,127.1
2016,Vechta,Durchschnittliche Fläche je Wohnung,K03460,126.8
2017,Vechta,Durchschnittliche Fläche je Wohnung,K03460,126.7
2018,Vechta,Durchschnittliche Fläche je Wohnung,K03460,126.7
2019,Vechta,Durchschnittliche Fläche je Wohnung,K03460,126.5
2011,Wesermarsch,Durchschnittliche Fläche je Wohnung,K03461,101.6
2012,Wesermarsch,Durchschnittliche Fläche je Wohnung,K03461,101.7
2013,Wesermarsch,Durchschnittliche Fläche je Wohnung,K03461,101.8
2014,Wesermarsch,Durchschnittliche Fläche je Wohnung,K03461,101.8
2015,Wesermarsch,Durchschnittliche Fläche je Wohnung,K03461,101.9
2016,Wesermarsch,Durchschnittliche Fläche je Wohnung,K03461,102.0
2017,Wesermarsch,Durchschnittliche Fläche je Wohnung,K03461,102.1
2018,Wesermarsch,Durchschnittliche Fläche je Wohnung,K03461,102.1
2019,Wesermarsch,Durchschnittliche Fläche je Wohnung,K03461,102.2
2011,Wittmund,Durchschnittliche Fläche je Wohnung,K03462,104.7
2012,Wittmund,Durchschnittliche Fläche je Wohnung,K03462,104.7
2013,Wittmund,Durchschnittliche Fläche je Wohnung,K03462,104.7
2014,Wittmund,Durchschnittliche Fläche je Wohnung,K03462,104.7
2015,Wittmund,Durchschnittliche Fläche je Wohnung,K03462,104.6
2016,Wittmund,Durchschnittliche Fläche je Wohnung,K03462,104.8
2017,Wittmund,Durchschnittliche Fläche je Wohnung,K03462,104.8
2018,Wittmund,Durchschnittliche Fläche je Wohnung,K03462,104.9
2019,Wittmund,Durchschnittliche Fläche je Wohnung,K03462,104.9
